"page","short-url","maxPages","items","year","coo_id","coo_name","coo","coo_iso","coa_id","coa_name","coa","coa_iso","refugees","asylum_seekers","returned_refugees","idps","returned_idps","stateless","ooc","oip","hst"
1,"1vgmyX",1,1,2017,2,"Afghanistan","AFG","AFG",10,"Armenia","ARM","ARM","0",5,"0","0","0","0","0","-","0"
1,"1vgmyX",1,2,2018,2,"Afghanistan","AFG","AFG",10,"Armenia","ARM","ARM","0",16,"0","0","0","0","0","-","0"
1,"1vgmyX",1,3,2019,2,"Afghanistan","AFG","AFG",10,"Armenia","ARM","ARM",5,"0","0","0","0","0","0","-","0"
1,"1vgmyX",1,4,2020,2,"Afghanistan","AFG","AFG",10,"Armenia","ARM","ARM",5,"0","0","0","0","0","0","-","0"
1,"1vgmyX",1,5,2021,2,"Afghanistan","AFG","AFG",10,"Armenia","ARM","ARM",5,"0","0","0","0","0","0","-","0"
1,"1vgmyX",1,6,2022,2,"Afghanistan","AFG","AFG",10,"Armenia","ARM","ARM",9,"0","0","0","0","0","0","-","0"
1,"1vgmyX",1,7,2023,2,"Afghanistan","AFG","AFG",10,"Armenia","ARM","ARM",9,"0","0","0","0","0","0","-","0"
1,"1vgmyX",1,8,2024,2,"Afghanistan","AFG","AFG",10,"Armenia","ARM","ARM",12,10,"0","0","0","0","0","-","0"
1,"1vgmyX",1,9,2025,2,"Afghanistan","AFG","AFG",10,"Armenia","ARM","ARM",17,15,"0","0","0","0","0","-","0"
1,"1vgmyX",1,10,2023,4,"Algeria","ALG","DZA",10,"Armenia","ARM","ARM","0",6,"0","0","0","0","0","-","0"
1,"1vgmyX",1,11,2024,4,"Algeria","ALG","DZA",10,"Armenia","ARM","ARM","0",6,"0","0","0","0","0","-","0"
1,"1vgmyX",1,12,2025,4,"Algeria","ALG","DZA",10,"Armenia","ARM","ARM","0",6,"0","0","0","0","0","-","0"
1,"1vgmyX",1,13,2019,8,"Egypt","ARE","EGY",10,"Armenia","ARM","ARM",5,"0","0","0","0","0","0","-","0"
1,"1vgmyX",1,14,2020,8,"Egypt","ARE","EGY",10,"Armenia","ARM","ARM",5,"0","0","0","0","0","0","-","0"
1,"1vgmyX",1,15,2021,8,"Egypt","ARE","EGY",10,"Armenia","ARM","ARM",5,"0","0","0","0","0","0","-","0"
1,"1vgmyX",1,16,2022,8,"Egypt","ARE","EGY",10,"Armenia","ARM","ARM",5,24,"0","0","0","0","0","-","0"
1,"1vgmyX",1,17,2023,8,"Egypt","ARE","EGY",10,"Armenia","ARM","ARM",8,68,"0","0","0","0","0","-","0"
1,"1vgmyX",1,18,2024,8,"Egypt","ARE","EGY",10,"Armenia","ARM","ARM",12,137,"0","0","0","0","0","-","0"
1,"1vgmyX",1,19,2025,8,"Egypt","ARE","EGY",10,"Armenia","ARM","ARM",12,120,"0","0","0","0","0","-","0"
1,"1vgmyX",1,20,1993,10,"Armenia","ARM","ARM",10,"Armenia","ARM","ARM","0","0","0",77000,"0","0","0","-","0"
1,"1vgmyX",1,21,1994,10,"Armenia","ARM","ARM",10,"Armenia","ARM","ARM","0","0","0",72000,"0","0","0","-","0"
1,"1vgmyX",1,22,1995,10,"Armenia","ARM","ARM",10,"Armenia","ARM","ARM","0","0","0",72000,"0","0","0","-","0"
1,"1vgmyX",1,23,1996,10,"Armenia","ARM","ARM",10,"Armenia","ARM","ARM","0","0","0",72000,"0","0","0","-","0"
1,"1vgmyX",1,24,1997,10,"Armenia","ARM","ARM",10,"Armenia","ARM","ARM","0","0","0",72000,"0","0","0","-","0"
1,"1vgmyX",1,25,2009,10,"Armenia","ARM","ARM",10,"Armenia","ARM","ARM","0","0","0","0","0","0",82231,"-","0"
1,"1vgmyX",1,26,2010,10,"Armenia","ARM","ARM",10,"Armenia","ARM","ARM","0","0","0","0","0","0",82519,"-","0"
1,"1vgmyX",1,27,2011,10,"Armenia","ARM","ARM",10,"Armenia","ARM","ARM","0","0","0","0","0","0",82938,"-","0"
1,"1vgmyX",1,28,1992,13,"Azerbaijan","AZE","AZE",10,"Armenia","ARM","ARM",300000,"0","0","0","0","0","0","-","0"
1,"1vgmyX",1,29,1993,13,"Azerbaijan","AZE","AZE",10,"Armenia","ARM","ARM",328000,"0","0","0","0","0","0","-","0"
1,"1vgmyX",1,30,1994,13,"Azerbaijan","AZE","AZE",10,"Armenia","ARM","ARM",299000,"0",29000,"0","0","0","0","-","0"
1,"1vgmyX",1,31,1995,13,"Azerbaijan","AZE","AZE",10,"Armenia","ARM","ARM",200000,"0",39000,"0","0","0","0","-","0"
1,"1vgmyX",1,32,1996,13,"Azerbaijan","AZE","AZE",10,"Armenia","ARM","ARM",200000,"0","0","0","0","0","0","-","0"
1,"1vgmyX",1,33,1997,13,"Azerbaijan","AZE","AZE",10,"Armenia","ARM","ARM",200000,"0","0","0","0","0","0","-","0"
1,"1vgmyX",1,34,1998,13,"Azerbaijan","AZE","AZE",10,"Armenia","ARM","ARM",310012,"0","0","0","0","0","0","-","0"
1,"1vgmyX",1,35,1999,13,"Azerbaijan","AZE","AZE",10,"Armenia","ARM","ARM",296215,"0","0","0","0","0","0","-","0"
1,"1vgmyX",1,36,2000,13,"Azerbaijan","AZE","AZE",10,"Armenia","ARM","ARM",280586,"0","0","0","0","0","0","-","0"
1,"1vgmyX",1,37,2001,13,"Azerbaijan","AZE","AZE",10,"Armenia","ARM","ARM",264327,"0","0","0","0","0","0","-","0"
1,"1vgmyX",1,38,2002,13,"Azerbaijan","AZE","AZE",10,"Armenia","ARM","ARM",247538,"0","0","0","0","0","0","-","0"
1,"1vgmyX",1,39,2003,13,"Azerbaijan","AZE","AZE",10,"Armenia","ARM","ARM",239250,"0","0","0","0","0","0","-","0"
1,"1vgmyX",1,40,2004,13,"Azerbaijan","AZE","AZE",10,"Armenia","ARM","ARM",235101,"0","0","0","0","0","0","-","0"
1,"1vgmyX",1,41,2005,13,"Azerbaijan","AZE","AZE",10,"Armenia","ARM","ARM",219324,"0","0","0","0","0","0","-","0"
1,"1vgmyX",1,42,2006,13,"Azerbaijan","AZE","AZE",10,"Armenia","ARM","ARM",113224,"0","0","0","0","0","0","-","0"
1,"1vgmyX",1,43,2007,13,"Azerbaijan","AZE","AZE",10,"Armenia","ARM","ARM",3815,"0","0","0","0","0","0","-","0"
1,"1vgmyX",1,44,2008,13,"Azerbaijan","AZE","AZE",10,"Armenia","ARM","ARM",3082,"0","0","0","0","0","0","-","0"
1,"1vgmyX",1,45,2009,13,"Azerbaijan","AZE","AZE",10,"Armenia","ARM","ARM",2681,"0","0","0","0","0","0","-","0"
1,"1vgmyX",1,46,2010,13,"Azerbaijan","AZE","AZE",10,"Armenia","ARM","ARM",2347,"0","0","0","0","0","0","-","0"
1,"1vgmyX",1,47,2011,13,"Azerbaijan","AZE","AZE",10,"Armenia","ARM","ARM",1928,"0","0","0","0","0","0","-","0"
1,"1vgmyX",1,48,2012,13,"Azerbaijan","AZE","AZE",10,"Armenia","ARM","ARM",1716,"0","0","0","0","0","0","-","0"
1,"1vgmyX",1,49,2013,13,"Azerbaijan","AZE","AZE",10,"Armenia","ARM","ARM",1607,"0","0","0","0","0","0","-","0"
1,"1vgmyX",1,50,2014,13,"Azerbaijan","AZE","AZE",10,"Armenia","ARM","ARM",1554,"0","0","0","0","0","0","-","0"
1,"1vgmyX",1,51,2015,13,"Azerbaijan","AZE","AZE",10,"Armenia","ARM","ARM",1501,"0","0","0","0","0","0","-","0"
1,"1vgmyX",1,52,2016,13,"Azerbaijan","AZE","AZE",10,"Armenia","ARM","ARM",2046,"0","0","0","0","0","0","-","0"
1,"1vgmyX",1,53,2017,13,"Azerbaijan","AZE","AZE",10,"Armenia","ARM","ARM",2034,"0","0","0","0","0","0","-","0"
1,"1vgmyX",1,54,2018,13,"Azerbaijan","AZE","AZE",10,"Armenia","ARM","ARM",1961,"0","0","0","0","0","0","-","0"
1,"1vgmyX",1,55,2019,13,"Azerbaijan","AZE","AZE",10,"Armenia","ARM","ARM",1888,5,"0","0","0","0","0","-","0"
1,"1vgmyX",1,56,2020,13,"Azerbaijan","AZE","AZE",10,"Armenia","ARM","ARM",91766,5,"0","0","0","0","0","-","0"
1,"1vgmyX",1,57,2021,13,"Azerbaijan","AZE","AZE",10,"Armenia","ARM","ARM",27933,"0","0","0","0","0","0","-","0"
1,"1vgmyX",1,58,2022,13,"Azerbaijan","AZE","AZE",10,"Armenia","ARM","ARM",27933,5,"0","0","0","0","0","-","0"
1,"1vgmyX",1,59,2023,13,"Azerbaijan","AZE","AZE",10,"Armenia","ARM","ARM",143054,5,"0","0","0","0","0","-","0"
1,"1vgmyX",1,60,2024,13,"Azerbaijan","AZE","AZE",10,"Armenia","ARM","ARM",137147,5,"0","0","0","0","0","-","0"
1,"1vgmyX",1,61,2025,13,"Azerbaijan","AZE","AZE",10,"Armenia","ARM","ARM",130411,5,"0","0","0","0","0","-","0"
1,"1vgmyX",1,62,2024,24,"Belarus","BLR","BLR",10,"Armenia","ARM","ARM",5,5,"0","0","0","0","0","-","0"
1,"1vgmyX",1,63,2025,24,"Belarus","BLR","BLR",10,"Armenia","ARM","ARM",5,7,"0","0","0","0","0","-","0"
1,"1vgmyX",1,64,2024,37,"China","CHI","CHN",10,"Armenia","ARM","ARM","0",5,"0","0","0","0","0","-","0"
1,"1vgmyX",1,65,2025,37,"China","CHI","CHN",10,"Armenia","ARM","ARM","0",5,"0","0","0","0","0","-","0"
1,"1vgmyX",1,66,2012,40,"Congo","COB","COG",10,"Armenia","ARM","ARM","0",5,"0","0","0","0","0","-","0"
1,"1vgmyX",1,67,2020,40,"Congo","COB","COG",10,"Armenia","ARM","ARM",5,"0","0","0","0","0","0","-","0"
1,"1vgmyX",1,68,2021,40,"Congo","COB","COG",10,"Armenia","ARM","ARM",5,"0","0","0","0","0","0","-","0"
1,"1vgmyX",1,69,2022,40,"Congo","COB","COG",10,"Armenia","ARM","ARM",5,"0","0","0","0","0","0","-","0"
1,"1vgmyX",1,70,2023,40,"Congo","COB","COG",10,"Armenia","ARM","ARM",5,"0","0","0","0","0","0","-","0"
1,"1vgmyX",1,71,2024,40,"Congo","COB","COG",10,"Armenia","ARM","ARM",5,"0","0","0","0","0","0","-","0"
1,"1vgmyX",1,72,2025,40,"Congo","COB","COG",10,"Armenia","ARM","ARM",5,"0","0","0","0","0","0","-","0"
1,"1vgmyX",1,73,2023,41,"Dem. Rep. of the Congo","COD","COD",10,"Armenia","ARM","ARM",5,"0","0","0","0","0","0","-","0"
1,"1vgmyX",1,74,2024,41,"Dem. Rep. of the Congo","COD","COD",10,"Armenia","ARM","ARM",5,"0","0","0","0","0","0","-","0"
1,"1vgmyX",1,75,2025,41,"Dem. Rep. of the Congo","COD","COD",10,"Armenia","ARM","ARM",5,"0","0","0","0","0","0","-","0"
1,"1vgmyX",1,76,2016,46,"Cuba","CUB","CUB",10,"Armenia","ARM","ARM","0",6,"0","0","0","0","0","-","0"
1,"1vgmyX",1,77,2018,46,"Cuba","CUB","CUB",10,"Armenia","ARM","ARM","0",5,"0","0","0","0","0","-","0"
1,"1vgmyX",1,78,2019,46,"Cuba","CUB","CUB",10,"Armenia","ARM","ARM","0",23,"0","0","0","0","0","-","0"
1,"1vgmyX",1,79,2020,46,"Cuba","CUB","CUB",10,"Armenia","ARM","ARM","0",26,"0","0","0","0","0","-","0"
1,"1vgmyX",1,80,2021,46,"Cuba","CUB","CUB",10,"Armenia","ARM","ARM",5,13,"0","0","0","0","0","-","0"
1,"1vgmyX",1,81,2022,46,"Cuba","CUB","CUB",10,"Armenia","ARM","ARM",5,17,"0","0","0","0","0","-","0"
1,"1vgmyX",1,82,2023,46,"Cuba","CUB","CUB",10,"Armenia","ARM","ARM",5,10,"0","0","0","0","0","-","0"
1,"1vgmyX",1,83,2024,46,"Cuba","CUB","CUB",10,"Armenia","ARM","ARM",5,24,"0","0","0","0","0","-","0"
1,"1vgmyX",1,84,2025,46,"Cuba","CUB","CUB",10,"Armenia","ARM","ARM",5,35,"0","0","0","0","0","-","0"
1,"1vgmyX",1,85,2011,69,"Palestinian","GAZ","PSE",10,"Armenia","ARM","ARM",5,"0","0","0","0","0","0","-","0"
1,"1vgmyX",1,86,2012,69,"Palestinian","GAZ","PSE",10,"Armenia","ARM","ARM",5,"0","0","0","0","0","0","-","0"
1,"1vgmyX",1,87,2013,69,"Palestinian","GAZ","PSE",10,"Armenia","ARM","ARM",5,"0","0","0","0","0","0","-","0"
1,"1vgmyX",1,88,2014,69,"Palestinian","GAZ","PSE",10,"Armenia","ARM","ARM",6,"0","0","0","0","0","0","-","0"
1,"1vgmyX",1,89,2015,69,"Palestinian","GAZ","PSE",10,"Armenia","ARM","ARM",6,"0","0","0","0","0","0","-","0"
1,"1vgmyX",1,90,2016,69,"Palestinian","GAZ","PSE",10,"Armenia","ARM","ARM",6,"0","0","0","0","0","0","-","0"
1,"1vgmyX",1,91,2017,69,"Palestinian","GAZ","PSE",10,"Armenia","ARM","ARM",6,"0","0","0","0","0","0","-","0"
1,"1vgmyX",1,92,2018,69,"Palestinian","GAZ","PSE",10,"Armenia","ARM","ARM",7,"0","0","0","0","0","0","-","0"
1,"1vgmyX",1,93,2019,69,"Palestinian","GAZ","PSE",10,"Armenia","ARM","ARM",7,"0","0","0","0","0","0","-","0"
1,"1vgmyX",1,94,2020,69,"Palestinian","GAZ","PSE",10,"Armenia","ARM","ARM",7,"0","0","0","0","0","0","-","0"
1,"1vgmyX",1,95,2021,69,"Palestinian","GAZ","PSE",10,"Armenia","ARM","ARM",7,"0","0","0","0","0","0","-","0"
1,"1vgmyX",1,96,2022,69,"Palestinian","GAZ","PSE",10,"Armenia","ARM","ARM",7,"0","0","0","0","0","0","-","0"
1,"1vgmyX",1,97,2023,69,"Palestinian","GAZ","PSE",10,"Armenia","ARM","ARM",7,"0","0","0","0","0","0","-","0"
1,"1vgmyX",1,98,2024,69,"Palestinian","GAZ","PSE",10,"Armenia","ARM","ARM",7,"0","0","0","0","0","0","-","0"
1,"1vgmyX",1,99,2025,69,"Palestinian","GAZ","PSE",10,"Armenia","ARM","ARM",7,"0","0","0","0","0","0","-","0"
1,"1vgmyX",1,100,1993,71,"Georgia","GEO","GEO",10,"Armenia","ARM","ARM",6000,"0","0","0","0","0","0","-","0"
1,"1vgmyX",1,101,1994,71,"Georgia","GEO","GEO",10,"Armenia","ARM","ARM",5000,"0",1000,"0","0","0","0","-","0"
1,"1vgmyX",1,102,1995,71,"Georgia","GEO","GEO",10,"Armenia","ARM","ARM","0","0",4500,"0","0","0","0","-","0"
1,"1vgmyX",1,103,2008,71,"Georgia","GEO","GEO",10,"Armenia","ARM","ARM","0",123,"0","0","0","0","0","-","0"
1,"1vgmyX",1,104,2009,71,"Georgia","GEO","GEO",10,"Armenia","ARM","ARM",8,11,"0","0","0","0","0","-","0"
1,"1vgmyX",1,105,2010,71,"Georgia","GEO","GEO",10,"Armenia","ARM","ARM",11,"0","0","0","0","0","0","-","0"
1,"1vgmyX",1,106,2011,71,"Georgia","GEO","GEO",10,"Armenia","ARM","ARM",11,"0","0","0","0","0","0","-","0"
1,"1vgmyX",1,107,2012,71,"Georgia","GEO","GEO",10,"Armenia","ARM","ARM",8,"0","0","0","0","0","0","-","0"
1,"1vgmyX",1,108,2013,71,"Georgia","GEO","GEO",10,"Armenia","ARM","ARM",8,"0","0","0","0","0","0","-","0"
1,"1vgmyX",1,109,2014,71,"Georgia","GEO","GEO",10,"Armenia","ARM","ARM",8,"0","0","0","0","0","0","-","0"
1,"1vgmyX",1,110,2015,71,"Georgia","GEO","GEO",10,"Armenia","ARM","ARM",8,"0","0","0","0","0","0","-","0"
1,"1vgmyX",1,111,2016,71,"Georgia","GEO","GEO",10,"Armenia","ARM","ARM",8,"0","0","0","0","0","0","-","0"
1,"1vgmyX",1,112,2017,71,"Georgia","GEO","GEO",10,"Armenia","ARM","ARM",8,"0","0","0","0","0","0","-","0"
1,"1vgmyX",1,113,2018,71,"Georgia","GEO","GEO",10,"Armenia","ARM","ARM",8,"0","0","0","0","0","0","-","0"
1,"1vgmyX",1,114,2019,71,"Georgia","GEO","GEO",10,"Armenia","ARM","ARM",8,5,"0","0","0","0","0","-","0"
1,"1vgmyX",1,115,2020,71,"Georgia","GEO","GEO",10,"Armenia","ARM","ARM",8,5,"0","0","0","0","0","-","0"
1,"1vgmyX",1,116,2021,71,"Georgia","GEO","GEO",10,"Armenia","ARM","ARM",8,5,"0","0","0","0","0","-","0"
1,"1vgmyX",1,117,2022,71,"Georgia","GEO","GEO",10,"Armenia","ARM","ARM",9,5,"0","0","0","0","0","-","0"
1,"1vgmyX",1,118,2023,71,"Georgia","GEO","GEO",10,"Armenia","ARM","ARM",9,5,"0","0","0","0","0","-","0"
1,"1vgmyX",1,119,2024,71,"Georgia","GEO","GEO",10,"Armenia","ARM","ARM",9,14,"0","0","0","0","0","-","0"
1,"1vgmyX",1,120,2025,71,"Georgia","GEO","GEO",10,"Armenia","ARM","ARM",9,15,"0","0","0","0","0","-","0"
1,"1vgmyX",1,121,2024,72,"Germany","GFR","DEU",10,"Armenia","ARM","ARM","0",5,"0","0","0","0","0","-","0"
1,"1vgmyX",1,122,2025,72,"Germany","GFR","DEU",10,"Armenia","ARM","ARM","0",10,"0","0","0","0","0","-","0"
1,"1vgmyX",1,123,2013,79,"Guinea","GUI","GIN",10,"Armenia","ARM","ARM","0",5,"0","0","0","0","0","-","0"
1,"1vgmyX",1,124,2015,79,"Guinea","GUI","GIN",10,"Armenia","ARM","ARM","0",6,"0","0","0","0","0","-","0"
1,"1vgmyX",1,125,2022,81,"Haiti","HAI","HTI",10,"Armenia","ARM","ARM","0",5,"0","0","0","0","0","-","0"
1,"1vgmyX",1,126,2023,81,"Haiti","HAI","HTI",10,"Armenia","ARM","ARM",25,"0","0","0","0","0","0","-","0"
1,"1vgmyX",1,127,2024,81,"Haiti","HAI","HTI",10,"Armenia","ARM","ARM",32,7,"0","0","0","0","0","-","0"
1,"1vgmyX",1,128,2025,81,"Haiti","HAI","HTI",10,"Armenia","ARM","ARM",39,8,"0","0","0","0","0","-","0"
1,"1vgmyX",1,129,2011,87,"Cote d'Ivoire","ICO","CIV",10,"Armenia","ARM","ARM",8,"0","0","0","0","0","0","-","0"
1,"1vgmyX",1,130,2012,87,"Cote d'Ivoire","ICO","CIV",10,"Armenia","ARM","ARM",6,"0","0","0","0","0","0","-","0"
1,"1vgmyX",1,131,2013,87,"Cote d'Ivoire","ICO","CIV",10,"Armenia","ARM","ARM",6,5,"0","0","0","0","0","-","0"
1,"1vgmyX",1,132,2014,87,"Cote d'Ivoire","ICO","CIV",10,"Armenia","ARM","ARM",6,"0","0","0","0","0","0","-","0"
1,"1vgmyX",1,133,2015,87,"Cote d'Ivoire","ICO","CIV",10,"Armenia","ARM","ARM",6,"0","0","0","0","0","0","-","0"
1,"1vgmyX",1,134,2016,87,"Cote d'Ivoire","ICO","CIV",10,"Armenia","ARM","ARM",6,"0","0","0","0","0","0","-","0"
1,"1vgmyX",1,135,2017,87,"Cote d'Ivoire","ICO","CIV",10,"Armenia","ARM","ARM",6,"0","0","0","0","0","0","-","0"
1,"1vgmyX",1,136,2018,87,"Cote d'Ivoire","ICO","CIV",10,"Armenia","ARM","ARM",6,"0","0","0","0","0","0","-","0"
1,"1vgmyX",1,137,2019,87,"Cote d'Ivoire","ICO","CIV",10,"Armenia","ARM","ARM",6,"0","0","0","0","0","0","-","0"
1,"1vgmyX",1,138,2020,87,"Cote d'Ivoire","ICO","CIV",10,"Armenia","ARM","ARM",6,"0","0","0","0","0","0","-","0"
1,"1vgmyX",1,139,2021,87,"Cote d'Ivoire","ICO","CIV",10,"Armenia","ARM","ARM",6,"0","0","0","0","0","0","-","0"
1,"1vgmyX",1,140,2022,87,"Cote d'Ivoire","ICO","CIV",10,"Armenia","ARM","ARM",6,"0","0","0","0","0","0","-","0"
1,"1vgmyX",1,141,2023,87,"Cote d'Ivoire","ICO","CIV",10,"Armenia","ARM","ARM",6,"0","0","0","0","0","0","-","0"
1,"1vgmyX",1,142,2024,87,"Cote d'Ivoire","ICO","CIV",10,"Armenia","ARM","ARM",6,"0","0","0","0","0","0","-","0"
1,"1vgmyX",1,143,2025,87,"Cote d'Ivoire","ICO","CIV",10,"Armenia","ARM","ARM",6,"0","0","0","0","0","0","-","0"
1,"1vgmyX",1,144,2020,88,"India","IND","IND",10,"Armenia","ARM","ARM","0",5,"0","0","0","0","0","-","0"
1,"1vgmyX",1,145,2022,88,"India","IND","IND",10,"Armenia","ARM","ARM","0",5,"0","0","0","0","0","-","0"
1,"1vgmyX",1,146,2025,88,"India","IND","IND",10,"Armenia","ARM","ARM","0",5,"0","0","0","0","0","-","0"
1,"1vgmyX",1,147,1994,91,"Iran (Islamic Rep. of)","IRN","IRN",10,"Armenia","ARM","ARM",5,"0","0","0","0","0","0","-","0"
1,"1vgmyX",1,148,2001,91,"Iran (Islamic Rep. of)","IRN","IRN",10,"Armenia","ARM","ARM",5,"0","0","0","0","0","0","-","0"
1,"1vgmyX",1,149,2002,91,"Iran (Islamic Rep. of)","IRN","IRN",10,"Armenia","ARM","ARM",5,"0","0","0","0","0","0","-","0"
1,"1vgmyX",1,150,2003,91,"Iran (Islamic Rep. of)","IRN","IRN",10,"Armenia","ARM","ARM",5,"0","0","0","0","0","0","-","0"
1,"1vgmyX",1,151,2004,91,"Iran (Islamic Rep. of)","IRN","IRN",10,"Armenia","ARM","ARM",5,"0","0","0","0","0","0","-","0"
1,"1vgmyX",1,152,2005,91,"Iran (Islamic Rep. of)","IRN","IRN",10,"Armenia","ARM","ARM",5,"0","0","0","0","0","0","-","0"
1,"1vgmyX",1,153,2006,91,"Iran (Islamic Rep. of)","IRN","IRN",10,"Armenia","ARM","ARM",6,"0","0","0","0","0","0","-","0"
1,"1vgmyX",1,154,2007,91,"Iran (Islamic Rep. of)","IRN","IRN",10,"Armenia","ARM","ARM",7,5,"0","0","0","0","0","-","0"
1,"1vgmyX",1,155,2008,91,"Iran (Islamic Rep. of)","IRN","IRN",10,"Armenia","ARM","ARM",9,8,"0","0","0","0","0","-","0"
1,"1vgmyX",1,156,2009,91,"Iran (Islamic Rep. of)","IRN","IRN",10,"Armenia","ARM","ARM",22,5,"0","0","0","0","0","-","0"
1,"1vgmyX",1,157,2010,91,"Iran (Islamic Rep. of)","IRN","IRN",10,"Armenia","ARM","ARM",22,5,"0","0","0","0","0","-","0"
1,"1vgmyX",1,158,2011,91,"Iran (Islamic Rep. of)","IRN","IRN",10,"Armenia","ARM","ARM",18,12,"0","0","0","0","0","-","0"
1,"1vgmyX",1,159,2012,91,"Iran (Islamic Rep. of)","IRN","IRN",10,"Armenia","ARM","ARM",21,12,"0","0","0","0","0","-","0"
1,"1vgmyX",1,160,2013,91,"Iran (Islamic Rep. of)","IRN","IRN",10,"Armenia","ARM","ARM",27,13,"0","0","0","0","0","-","0"
1,"1vgmyX",1,161,2014,91,"Iran (Islamic Rep. of)","IRN","IRN",10,"Armenia","ARM","ARM",27,21,"0","0","0","0","0","-","0"
1,"1vgmyX",1,162,2015,91,"Iran (Islamic Rep. of)","IRN","IRN",10,"Armenia","ARM","ARM",30,22,"0","0","0","0","0","-","0"
1,"1vgmyX",1,163,2016,91,"Iran (Islamic Rep. of)","IRN","IRN",10,"Armenia","ARM","ARM",32,19,"0","0","0","0","0","-","0"
1,"1vgmyX",1,164,2017,91,"Iran (Islamic Rep. of)","IRN","IRN",10,"Armenia","ARM","ARM",31,19,"0","0","0","0","0","-","0"
1,"1vgmyX",1,165,2018,91,"Iran (Islamic Rep. of)","IRN","IRN",10,"Armenia","ARM","ARM",36,41,"0","0","0","0","0","-","0"
1,"1vgmyX",1,166,2019,91,"Iran (Islamic Rep. of)","IRN","IRN",10,"Armenia","ARM","ARM",68,84,"0","0","0","0","0","-","0"
1,"1vgmyX",1,167,2020,91,"Iran (Islamic Rep. of)","IRN","IRN",10,"Armenia","ARM","ARM",102,66,"0","0","0","0","0","-","0"
1,"1vgmyX",1,168,2021,91,"Iran (Islamic Rep. of)","IRN","IRN",10,"Armenia","ARM","ARM",139,88,"0","0","0","0","0","-","0"
1,"1vgmyX",1,169,2022,91,"Iran (Islamic Rep. of)","IRN","IRN",10,"Armenia","ARM","ARM",158,129,"0","0","0","0","0","-","0"
1,"1vgmyX",1,170,2023,91,"Iran (Islamic Rep. of)","IRN","IRN",10,"Armenia","ARM","ARM",169,190,"0","0","0","0","0","-","0"
1,"1vgmyX",1,171,2024,91,"Iran (Islamic Rep. of)","IRN","IRN",10,"Armenia","ARM","ARM",180,298,"0","0","0","0","0","-","0"
1,"1vgmyX",1,172,2025,91,"Iran (Islamic Rep. of)","IRN","IRN",10,"Armenia","ARM","ARM",206,276,"0","0","0","0","0","-","0"
1,"1vgmyX",1,173,2001,92,"Iraq","IRQ","IRQ",10,"Armenia","ARM","ARM",5,"0","0","0","0","0","0","-","0"
1,"1vgmyX",1,174,2002,92,"Iraq","IRQ","IRQ",10,"Armenia","ARM","ARM",6,"0","0","0","0","0","0","-","0"
1,"1vgmyX",1,175,2003,92,"Iraq","IRQ","IRQ",10,"Armenia","ARM","ARM",34,25,"0","0","0","0","0","-","0"
1,"1vgmyX",1,176,2004,92,"Iraq","IRQ","IRQ",10,"Armenia","ARM","ARM",127,64,"0","0","0","0","0","-","0"
1,"1vgmyX",1,177,2005,92,"Iraq","IRQ","IRQ",10,"Armenia","ARM","ARM",218,64,"0","0","0","0","0","-","0"
1,"1vgmyX",1,178,2006,92,"Iraq","IRQ","IRQ",10,"Armenia","ARM","ARM",459,75,"0","0","0","0","0","-","0"
1,"1vgmyX",1,179,2007,92,"Iraq","IRQ","IRQ",10,"Armenia","ARM","ARM",718,92,"0","0","0","0","0","-","0"
1,"1vgmyX",1,180,2008,92,"Iraq","IRQ","IRQ",10,"Armenia","ARM","ARM",837,34,"0","0","0","0","0","-","0"
1,"1vgmyX",1,181,2009,92,"Iraq","IRQ","IRQ",10,"Armenia","ARM","ARM",870,22,"0","0","0","0","0","-","0"
1,"1vgmyX",1,182,2010,92,"Iraq","IRQ","IRQ",10,"Armenia","ARM","ARM",888,"0","0","0","0","0","0","-","0"
1,"1vgmyX",1,183,2011,92,"Iraq","IRQ","IRQ",10,"Armenia","ARM","ARM",923,"0","0","0","0","0","0","-","0"
1,"1vgmyX",1,184,2012,92,"Iraq","IRQ","IRQ",10,"Armenia","ARM","ARM",943,16,"0","0","0","0","0","-","0"
1,"1vgmyX",1,185,2013,92,"Iraq","IRQ","IRQ",10,"Armenia","ARM","ARM",967,5,"0","0","0","0","0","-","0"
1,"1vgmyX",1,186,2014,92,"Iraq","IRQ","IRQ",10,"Armenia","ARM","ARM",979,"0","0","0","0","0","0","-","0"
1,"1vgmyX",1,187,2015,92,"Iraq","IRQ","IRQ",10,"Armenia","ARM","ARM",1019,12,"0","0","0","0","0","-","0"
1,"1vgmyX",1,188,2016,92,"Iraq","IRQ","IRQ",10,"Armenia","ARM","ARM",1017,23,"0","0","0","0","0","-","0"
1,"1vgmyX",1,189,2017,92,"Iraq","IRQ","IRQ",10,"Armenia","ARM","ARM",1061,5,"0","0","0","0","0","-","0"
1,"1vgmyX",1,190,2018,92,"Iraq","IRQ","IRQ",10,"Armenia","ARM","ARM",1083,9,"0","0","0","0","0","-","0"
1,"1vgmyX",1,191,2019,92,"Iraq","IRQ","IRQ",10,"Armenia","ARM","ARM",1087,"0","0","0","0","0","0","-","0"
1,"1vgmyX",1,192,2020,92,"Iraq","IRQ","IRQ",10,"Armenia","ARM","ARM",1086,"0","0","0","0","0","0","-","0"
1,"1vgmyX",1,193,2021,92,"Iraq","IRQ","IRQ",10,"Armenia","ARM","ARM",1095,39,"0","0","0","0","0","-","0"
1,"1vgmyX",1,194,2022,92,"Iraq","IRQ","IRQ",10,"Armenia","ARM","ARM",1123,184,"0","0","0","0","0","-","0"
1,"1vgmyX",1,195,2023,92,"Iraq","IRQ","IRQ",10,"Armenia","ARM","ARM",1162,184,"0","0","0","0","0","-","0"
1,"1vgmyX",1,196,2024,92,"Iraq","IRQ","IRQ",10,"Armenia","ARM","ARM",1197,246,"0","0","0","0","0","-","0"
1,"1vgmyX",1,197,2025,92,"Iraq","IRQ","IRQ",10,"Armenia","ARM","ARM",1214,221,"0","0","0","0","0","-","0"
1,"1vgmyX",1,198,2006,93,"Israel","ISR","ISR",10,"Armenia","ARM","ARM",5,"0","0","0","0","0","0","-","0"
1,"1vgmyX",1,199,2007,93,"Israel","ISR","ISR",10,"Armenia","ARM","ARM",5,"0","0","0","0","0","0","-","0"
1,"1vgmyX",1,200,2008,93,"Israel","ISR","ISR",10,"Armenia","ARM","ARM",5,"0","0","0","0","0","0","-","0"
1,"1vgmyX",1,201,2009,93,"Israel","ISR","ISR",10,"Armenia","ARM","ARM",5,"0","0","0","0","0","0","-","0"
1,"1vgmyX",1,202,2010,93,"Israel","ISR","ISR",10,"Armenia","ARM","ARM",5,"0","0","0","0","0","0","-","0"
1,"1vgmyX",1,203,2024,93,"Israel","ISR","ISR",10,"Armenia","ARM","ARM","0",5,"0","0","0","0","0","-","0"
1,"1vgmyX",1,204,2025,93,"Israel","ISR","ISR",10,"Armenia","ARM","ARM","0",5,"0","0","0","0","0","-","0"
1,"1vgmyX",1,205,2023,96,"Jordan","JOR","JOR",10,"Armenia","ARM","ARM","0",5,"0","0","0","0","0","-","0"
1,"1vgmyX",1,206,2024,96,"Jordan","JOR","JOR",10,"Armenia","ARM","ARM","0",5,"0","0","0","0","0","-","0"
1,"1vgmyX",1,207,2006,109,"Lebanon","LEB","LBN",10,"Armenia","ARM","ARM",14,"0","0","0","0","0","0","-","0"
1,"1vgmyX",1,208,2007,109,"Lebanon","LEB","LBN",10,"Armenia","ARM","ARM",14,"0","0","0","0","0","0","-","0"
1,"1vgmyX",1,209,2008,109,"Lebanon","LEB","LBN",10,"Armenia","ARM","ARM",14,"0","0","0","0","0","0","-","0"
1,"1vgmyX",1,210,2009,109,"Lebanon","LEB","LBN",10,"Armenia","ARM","ARM",14,"0","0","0","0","0","0","-","0"
1,"1vgmyX",1,211,2010,109,"Lebanon","LEB","LBN",10,"Armenia","ARM","ARM",14,"0","0","0","0","0","0","-","0"
1,"1vgmyX",1,212,2011,109,"Lebanon","LEB","LBN",10,"Armenia","ARM","ARM",14,"0","0","0","0","0","0","-","0"
1,"1vgmyX",1,213,2012,109,"Lebanon","LEB","LBN",10,"Armenia","ARM","ARM",14,5,"0","0","0","0","0","-","0"
1,"1vgmyX",1,214,2013,109,"Lebanon","LEB","LBN",10,"Armenia","ARM","ARM",17,"0","0","0","0","0","0","-","0"
1,"1vgmyX",1,215,2014,109,"Lebanon","LEB","LBN",10,"Armenia","ARM","ARM",18,"0","0","0","0","0","0","-","0"
1,"1vgmyX",1,216,2015,109,"Lebanon","LEB","LBN",10,"Armenia","ARM","ARM",19,"0","0","0","0","0","0","-","0"
1,"1vgmyX",1,217,2016,109,"Lebanon","LEB","LBN",10,"Armenia","ARM","ARM",19,"0","0","0","0","0","0","-","0"
1,"1vgmyX",1,218,2017,109,"Lebanon","LEB","LBN",10,"Armenia","ARM","ARM",19,"0","0","0","0","0","0","-","0"
1,"1vgmyX",1,219,2018,109,"Lebanon","LEB","LBN",10,"Armenia","ARM","ARM",19,5,"0","0","0","0","0","-","0"
1,"1vgmyX",1,220,2019,109,"Lebanon","LEB","LBN",10,"Armenia","ARM","ARM",24,"0","0","0","0","0","0","-","0"
1,"1vgmyX",1,221,2020,109,"Lebanon","LEB","LBN",10,"Armenia","ARM","ARM",25,5,"0","0","0","0","0","-","0"
1,"1vgmyX",1,222,2021,109,"Lebanon","LEB","LBN",10,"Armenia","ARM","ARM",26,5,"0","0","0","0","0","-","0"
1,"1vgmyX",1,223,2022,109,"Lebanon","LEB","LBN",10,"Armenia","ARM","ARM",26,"0","0","0","0","0","0","-","0"
1,"1vgmyX",1,224,2023,109,"Lebanon","LEB","LBN",10,"Armenia","ARM","ARM",26,5,"0","0","0","0","0","-","0"
1,"1vgmyX",1,225,2024,109,"Lebanon","LEB","LBN",10,"Armenia","ARM","ARM",29,15,"0","0","0","0","0","-","0"
1,"1vgmyX",1,226,2025,109,"Lebanon","LEB","LBN",10,"Armenia","ARM","ARM",30,10,"0","0","0","0","0","-","0"
1,"1vgmyX",1,227,2023,122,"Rep. of Moldova","MDA","MDA",10,"Armenia","ARM","ARM","0",5,"0","0","0","0","0","-","0"
1,"1vgmyX",1,228,2024,122,"Rep. of Moldova","MDA","MDA",10,"Armenia","ARM","ARM","0",10,"0","0","0","0","0","-","0"
1,"1vgmyX",1,229,2025,122,"Rep. of Moldova","MDA","MDA",10,"Armenia","ARM","ARM","0",5,"0","0","0","0","0","-","0"
1,"1vgmyX",1,230,2023,130,"Morocco","MOR","MAR",10,"Armenia","ARM","ARM","0",5,"0","0","0","0","0","-","0"
1,"1vgmyX",1,231,2024,130,"Morocco","MOR","MAR",10,"Armenia","ARM","ARM","0",5,"0","0","0","0","0","-","0"
1,"1vgmyX",1,232,2025,130,"Morocco","MOR","MAR",10,"Armenia","ARM","ARM","0",10,"0","0","0","0","0","-","0"
1,"1vgmyX",1,233,2021,135,"Myanmar","MYA","MMR",10,"Armenia","ARM","ARM","0",5,"0","0","0","0","0","-","0"
1,"1vgmyX",1,234,2022,135,"Myanmar","MYA","MMR",10,"Armenia","ARM","ARM",5,"0","0","0","0","0","0","-","0"
1,"1vgmyX",1,235,2023,135,"Myanmar","MYA","MMR",10,"Armenia","ARM","ARM",9,"0","0","0","0","0","0","-","0"
1,"1vgmyX",1,236,2024,135,"Myanmar","MYA","MMR",10,"Armenia","ARM","ARM",9,"0","0","0","0","0","0","-","0"
1,"1vgmyX",1,237,2025,135,"Myanmar","MYA","MMR",10,"Armenia","ARM","ARM",9,"0","0","0","0","0","0","-","0"
1,"1vgmyX",1,238,2018,141,"Nigeria","NIG","NGA",10,"Armenia","ARM","ARM",5,"0","0","0","0","0","0","-","0"
1,"1vgmyX",1,239,2019,141,"Nigeria","NIG","NGA",10,"Armenia","ARM","ARM",5,"0","0","0","0","0","0","-","0"
1,"1vgmyX",1,240,2020,141,"Nigeria","NIG","NGA",10,"Armenia","ARM","ARM",5,"0","0","0","0","0","0","-","0"
1,"1vgmyX",1,241,2021,141,"Nigeria","NIG","NGA",10,"Armenia","ARM","ARM",5,"0","0","0","0","0","0","-","0"
1,"1vgmyX",1,242,2022,141,"Nigeria","NIG","NGA",10,"Armenia","ARM","ARM",11,"0","0","0","0","0","0","-","0"
1,"1vgmyX",1,243,2023,141,"Nigeria","NIG","NGA",10,"Armenia","ARM","ARM",17,"0","0","0","0","0","0","-","0"
1,"1vgmyX",1,244,2024,141,"Nigeria","NIG","NGA",10,"Armenia","ARM","ARM",19,"0","0","0","0","0","0","-","0"
1,"1vgmyX",1,245,2025,141,"Nigeria","NIG","NGA",10,"Armenia","ARM","ARM",19,5,"0","0","0","0","0","-","0"
1,"1vgmyX",1,246,2022,147,"Pakistan","PAK","PAK",10,"Armenia","ARM","ARM","0",6,"0","0","0","0","0","-","0"
1,"1vgmyX",1,247,2023,147,"Pakistan","PAK","PAK",10,"Armenia","ARM","ARM",8,"0","0","0","0","0","0","-","0"
1,"1vgmyX",1,248,2024,147,"Pakistan","PAK","PAK",10,"Armenia","ARM","ARM",8,"0","0","0","0","0","0","-","0"
1,"1vgmyX",1,249,2025,147,"Pakistan","PAK","PAK",10,"Armenia","ARM","ARM",8,"0","0","0","0","0","0","-","0"
1,"1vgmyX",1,250,1994,160,"Russian Federation","RUS","RUS",10,"Armenia","ARM","ARM",35,"0","0","0","0","0","0","-","0"
1,"1vgmyX",1,251,2019,160,"Russian Federation","RUS","RUS",10,"Armenia","ARM","ARM","0",5,"0","0","0","0","0","-","0"
1,"1vgmyX",1,252,2020,160,"Russian Federation","RUS","RUS",10,"Armenia","ARM","ARM","0",5,"0","0","0","0","0","-","0"
1,"1vgmyX",1,253,2021,160,"Russian Federation","RUS","RUS",10,"Armenia","ARM","ARM","0",6,"0","0","0","0","0","-","0"
1,"1vgmyX",1,254,2022,160,"Russian Federation","RUS","RUS",10,"Armenia","ARM","ARM","0",20,"0","0","0","0","0","-","0"
1,"1vgmyX",1,255,2023,160,"Russian Federation","RUS","RUS",10,"Armenia","ARM","ARM","0",40,"0","0","0","0","0","-","0"
1,"1vgmyX",1,256,2024,160,"Russian Federation","RUS","RUS",10,"Armenia","ARM","ARM",8,55,"0","0","0","0","0","-","0"
1,"1vgmyX",1,257,2025,160,"Russian Federation","RUS","RUS",10,"Armenia","ARM","ARM",11,70,"0","0","0","0","0","-","0"
1,"1vgmyX",1,258,2024,177,"Sudan","SUD","SDN",10,"Armenia","ARM","ARM",5,"0","0","0","0","0","0","-","0"
1,"1vgmyX",1,259,2025,177,"Sudan","SUD","SDN",10,"Armenia","ARM","ARM",5,"0","0","0","0","0","0","-","0"
1,"1vgmyX",1,260,2003,185,"Syrian Arab Rep.","SYR","SYR",10,"Armenia","ARM","ARM","0",5,"0","0","0","0","0","-","0"
1,"1vgmyX",1,261,2011,185,"Syrian Arab Rep.","SYR","SYR",10,"Armenia","ARM","ARM",6,"0","0","0","0","0","0","-","0"
1,"1vgmyX",1,262,2012,185,"Syrian Arab Rep.","SYR","SYR",10,"Armenia","ARM","ARM",136,340,"0","0","0","0",5500,"-","0"
1,"1vgmyX",1,263,2013,185,"Syrian Arab Rep.","SYR","SYR",10,"Armenia","ARM","ARM",11090,42,"0","0","0","0","0","-","0"
1,"1vgmyX",1,264,2014,185,"Syrian Arab Rep.","SYR","SYR",10,"Armenia","ARM","ARM",14994,9,"0","0","0","0","0","-","0"
1,"1vgmyX",1,265,2015,185,"Syrian Arab Rep.","SYR","SYR",10,"Armenia","ARM","ARM",16611,11,"0","0","0","0","0","-","0"
1,"1vgmyX",1,266,2016,185,"Syrian Arab Rep.","SYR","SYR",10,"Armenia","ARM","ARM",14626,20,"0","0","0","0","0","-","0"
1,"1vgmyX",1,267,2017,185,"Syrian Arab Rep.","SYR","SYR",10,"Armenia","ARM","ARM",14680,12,"0","0","0","0","0","-","0"
1,"1vgmyX",1,268,2018,185,"Syrian Arab Rep.","SYR","SYR",10,"Armenia","ARM","ARM",14701,8,"0","0","0","0","0","-","0"
1,"1vgmyX",1,269,2019,185,"Syrian Arab Rep.","SYR","SYR",10,"Armenia","ARM","ARM",14730,16,"0","0","0","0","0","-","0"
1,"1vgmyX",1,270,2020,185,"Syrian Arab Rep.","SYR","SYR",10,"Armenia","ARM","ARM",14741,5,"0","0","0","0","0","-","0"
1,"1vgmyX",1,271,2021,185,"Syrian Arab Rep.","SYR","SYR",10,"Armenia","ARM","ARM",5335,8,"0","0","0","0","0","-","0"
1,"1vgmyX",1,272,2022,185,"Syrian Arab Rep.","SYR","SYR",10,"Armenia","ARM","ARM",4888,24,"0","0","0","0","0","-","0"
1,"1vgmyX",1,273,2023,185,"Syrian Arab Rep.","SYR","SYR",10,"Armenia","ARM","ARM",4906,13,"0","0","0","0","0","-","0"
1,"1vgmyX",1,274,2024,185,"Syrian Arab Rep.","SYR","SYR",10,"Armenia","ARM","ARM",4916,18,"0","0","0","0","0","-","0"
1,"1vgmyX",1,275,2025,185,"Syrian Arab Rep.","SYR","SYR",10,"Armenia","ARM","ARM",1202,20,"0","0","0","0","0","-","0"
1,"1vgmyX",1,276,2024,189,"Tajikistan","TJK","TJK",10,"Armenia","ARM","ARM","0",5,"0","0","0","0","0","-","0"
1,"1vgmyX",1,277,2023,190,"Turkmenistan","TKM","TKM",10,"Armenia","ARM","ARM","0",5,"0","0","0","0","0","-","0"
1,"1vgmyX",1,278,2024,195,"Tunisia","TUN","TUN",10,"Armenia","ARM","ARM","0",5,"0","0","0","0","0","-","0"
1,"1vgmyX",1,279,2025,195,"Tunisia","TUN","TUN",10,"Armenia","ARM","ARM","0",5,"0","0","0","0","0","-","0"
1,"1vgmyX",1,280,2006,196,"Türkiye","TUR","TUR",10,"Armenia","ARM","ARM",5,"0","0","0","0","0","0","-","0"
1,"1vgmyX",1,281,2007,196,"Türkiye","TUR","TUR",10,"Armenia","ARM","ARM",5,"0","0","0","0","0","0","-","0"
1,"1vgmyX",1,282,2008,196,"Türkiye","TUR","TUR",10,"Armenia","ARM","ARM",5,5,"0","0","0","0","0","-","0"
1,"1vgmyX",1,283,2009,196,"Türkiye","TUR","TUR",10,"Armenia","ARM","ARM",5,"0","0","0","0","0","0","-","0"
1,"1vgmyX",1,284,2010,196,"Türkiye","TUR","TUR",10,"Armenia","ARM","ARM",5,9,"0","0","0","0","0","-","0"
1,"1vgmyX",1,285,2011,196,"Türkiye","TUR","TUR",10,"Armenia","ARM","ARM","0",5,"0","0","0","0","0","-","0"
1,"1vgmyX",1,286,2016,196,"Türkiye","TUR","TUR",10,"Armenia","ARM","ARM",5,"0","0","0","0","0","0","-","0"
1,"1vgmyX",1,287,2017,196,"Türkiye","TUR","TUR",10,"Armenia","ARM","ARM",5,10,"0","0","0","0","0","-","0"
1,"1vgmyX",1,288,2018,196,"Türkiye","TUR","TUR",10,"Armenia","ARM","ARM",5,16,"0","0","0","0","0","-","0"
1,"1vgmyX",1,289,2019,196,"Türkiye","TUR","TUR",10,"Armenia","ARM","ARM",9,15,"0","0","0","0","0","-","0"
1,"1vgmyX",1,290,2020,196,"Türkiye","TUR","TUR",10,"Armenia","ARM","ARM",13,14,"0","0","0","0","0","-","0"
1,"1vgmyX",1,291,2021,196,"Türkiye","TUR","TUR",10,"Armenia","ARM","ARM",16,12,"0","0","0","0","0","-","0"
1,"1vgmyX",1,292,2022,196,"Türkiye","TUR","TUR",10,"Armenia","ARM","ARM",17,18,"0","0","0","0","0","-","0"
1,"1vgmyX",1,293,2023,196,"Türkiye","TUR","TUR",10,"Armenia","ARM","ARM",24,18,"0","0","0","0","0","-","0"
1,"1vgmyX",1,294,2024,196,"Türkiye","TUR","TUR",10,"Armenia","ARM","ARM",25,22,"0","0","0","0","0","-","0"
1,"1vgmyX",1,295,2025,196,"Türkiye","TUR","TUR",10,"Armenia","ARM","ARM",27,22,"0","0","0","0","0","-","0"
1,"1vgmyX",1,296,2014,200,"Ukraine","UKR","UKR",10,"Armenia","ARM","ARM",43,27,"0","0","0","0","0","-","0"
1,"1vgmyX",1,297,2015,200,"Ukraine","UKR","UKR",10,"Armenia","ARM","ARM",109,"0","0","0","0","0","0","-","0"
1,"1vgmyX",1,298,2016,200,"Ukraine","UKR","UKR",10,"Armenia","ARM","ARM",113,5,"0","0","0","0","0","-","0"
1,"1vgmyX",1,299,2017,200,"Ukraine","UKR","UKR",10,"Armenia","ARM","ARM",113,"0",5,"0","0","0","0","-","0"
1,"1vgmyX",1,300,2018,200,"Ukraine","UKR","UKR",10,"Armenia","ARM","ARM",115,5,"0","0","0","0","0","-","0"
1,"1vgmyX",1,301,2019,200,"Ukraine","UKR","UKR",10,"Armenia","ARM","ARM",116,5,"0","0","0","0","0","-","0"
1,"1vgmyX",1,302,2020,200,"Ukraine","UKR","UKR",10,"Armenia","ARM","ARM",115,"0","0","0","0","0","0","-","0"
1,"1vgmyX",1,303,2021,200,"Ukraine","UKR","UKR",10,"Armenia","ARM","ARM",117,"0","0","0","0","0","0","-","0"
1,"1vgmyX",1,304,2022,200,"Ukraine","UKR","UKR",10,"Armenia","ARM","ARM",406,122,"0","0","0","0","0","-","0"
1,"1vgmyX",1,305,2023,200,"Ukraine","UKR","UKR",10,"Armenia","ARM","ARM",599,46,"0","0","0","0","0","-","0"
1,"1vgmyX",1,306,2024,200,"Ukraine","UKR","UKR",10,"Armenia","ARM","ARM",706,63,"0","0","0","0","0","-","0"
1,"1vgmyX",1,307,2025,200,"Ukraine","UKR","UKR",10,"Armenia","ARM","ARM",4768,24,"0","0","0","0","0","-","0"
1,"1vgmyX",1,308,2017,203,"Uzbekistan","UZB","UZB",10,"Armenia","ARM","ARM","0",5,"0","0","0","0","0","-","0"
1,"1vgmyX",1,309,2024,203,"Uzbekistan","UZB","UZB",10,"Armenia","ARM","ARM","0",5,"0","0","0","0","0","-","0"
1,"1vgmyX",1,310,2025,203,"Uzbekistan","UZB","UZB",10,"Armenia","ARM","ARM","0",10,"0","0","0","0","0","-","0"
1,"1vgmyX",1,311,2015,211,"Yemen","YEM","YEM",10,"Armenia","ARM","ARM",5,"0","0","0","0","0","0","-","0"
1,"1vgmyX",1,312,2016,211,"Yemen","YEM","YEM",10,"Armenia","ARM","ARM",5,"0","0","0","0","0","0","-","0"
1,"1vgmyX",1,313,2017,211,"Yemen","YEM","YEM",10,"Armenia","ARM","ARM",5,6,"0","0","0","0","0","-","0"
1,"1vgmyX",1,314,2018,211,"Yemen","YEM","YEM",10,"Armenia","ARM","ARM",20,"0","0","0","0","0","0","-","0"
1,"1vgmyX",1,315,2019,211,"Yemen","YEM","YEM",10,"Armenia","ARM","ARM",22,"0","0","0","0","0","0","-","0"
1,"1vgmyX",1,316,2020,211,"Yemen","YEM","YEM",10,"Armenia","ARM","ARM",21,"0","0","0","0","0","0","-","0"
1,"1vgmyX",1,317,2021,211,"Yemen","YEM","YEM",10,"Armenia","ARM","ARM",21,"0","0","0","0","0","0","-","0"
1,"1vgmyX",1,318,2022,211,"Yemen","YEM","YEM",10,"Armenia","ARM","ARM",21,6,"0","0","0","0","0","-","0"
1,"1vgmyX",1,319,2023,211,"Yemen","YEM","YEM",10,"Armenia","ARM","ARM",27,"0","0","0","0","0","0","-","0"
1,"1vgmyX",1,320,2024,211,"Yemen","YEM","YEM",10,"Armenia","ARM","ARM",27,"0","0","0","0","0","0","-","0"
1,"1vgmyX",1,321,2025,211,"Yemen","YEM","YEM",10,"Armenia","ARM","ARM",29,"0","0","0","0","0","0","-","0"
1,"1vgmyX",1,322,2022,214,"Zimbabwe","ZIM","ZWE",10,"Armenia","ARM","ARM","0",5,"0","0","0","0","0","-","0"
1,"1vgmyX",1,323,2010,216,"Stateless","STA","XXA",10,"Armenia","ARM","ARM","0","0","0","0","0",6,"0","-","0"
1,"1vgmyX",1,324,2011,216,"Stateless","STA","XXA",10,"Armenia","ARM","ARM","0","0","0","0","0",11,"0","-","0"
1,"1vgmyX",1,325,2012,216,"Stateless","STA","XXA",10,"Armenia","ARM","ARM","0","0","0","0","0",35,"0","-","0"
1,"1vgmyX",1,326,2013,216,"Stateless","STA","XXA",10,"Armenia","ARM","ARM","0","0","0","0","0",180,"0","-","0"
1,"1vgmyX",1,327,2014,216,"Stateless","STA","XXA",10,"Armenia","ARM","ARM","0","0","0","0","0",206,"0","-","0"
1,"1vgmyX",1,328,2015,216,"Stateless","STA","XXA",10,"Armenia","ARM","ARM","0","0","0","0","0",311,"0","-","0"
1,"1vgmyX",1,329,2016,216,"Stateless","STA","XXA",10,"Armenia","ARM","ARM","0","0","0","0","0",512,"0","-","0"
1,"1vgmyX",1,330,2017,216,"Stateless","STA","XXA",10,"Armenia","ARM","ARM","0","0","0","0","0",773,"0","-","0"
1,"1vgmyX",1,331,2018,216,"Stateless","STA","XXA",10,"Armenia","ARM","ARM","0","0","0","0","0",848,"0","-","0"
1,"1vgmyX",1,332,2019,216,"Stateless","STA","XXA",10,"Armenia","ARM","ARM","0","0","0","0","0",961,"0","-","0"
1,"1vgmyX",1,333,2020,216,"Stateless","STA","XXA",10,"Armenia","ARM","ARM","0","0","0","0","0",1000,"0","-","0"
1,"1vgmyX",1,334,2021,216,"Stateless","STA","XXA",10,"Armenia","ARM","ARM","0","0","0","0","0",870,"0","-","0"
1,"1vgmyX",1,335,2022,216,"Stateless","STA","XXA",10,"Armenia","ARM","ARM","0","0","0","0","0",672,"0","-","0"
1,"1vgmyX",1,336,2023,216,"Stateless","STA","XXA",10,"Armenia","ARM","ARM","0","0","0","0","0",520,"0","-","0"
1,"1vgmyX",1,337,2024,216,"Stateless","STA","XXA",10,"Armenia","ARM","ARM","0","0","0","0","0",373,"0","-","0"
1,"1vgmyX",1,338,2025,216,"Stateless","STA","XXA",10,"Armenia","ARM","ARM","0","0","0","0","0",270,"0","-","0"
1,"1vgmyX",1,339,1995,262,"Unknown ","UKN","UNK",10,"Armenia","ARM","ARM",18950,"0","0","0","0","0","0","-","0"
1,"1vgmyX",1,340,1996,262,"Unknown ","UKN","UNK",10,"Armenia","ARM","ARM",18950,"0","0","0","0","0","0","-","0"
1,"1vgmyX",1,341,1997,262,"Unknown ","UKN","UNK",10,"Armenia","ARM","ARM",19000,"0","0","0","0","0","0","-","0"
1,"1vgmyX",1,342,2022,262,"Unknown ","UKN","UNK",10,"Armenia","ARM","ARM","0",5,"0","0","0","0","0","-","0"
1,"1vgmyX",1,343,2023,262,"Unknown ","UKN","UNK",10,"Armenia","ARM","ARM","0",5,"0","0","0","0","0","-","0"
1,"1vgmyX",1,344,2024,262,"Unknown ","UKN","UNK",10,"Armenia","ARM","ARM",5,"0","0","0","0","0","0","-","0"
1,"1vgmyX",1,345,2025,262,"Unknown ","UKN","UNK",10,"Armenia","ARM","ARM",5,"0","0","0","0","0","0","-","0"
