"page","short-url","maxPages","items","year","coo_id","coo_name","coo","coo_iso","coa_id","coa_name","coa","coa_iso","refugees","asylum_seekers","idps","oip","stateless","hst","ooc"
1,"c1TWw1",1,1,2008,2,"Afghanistan","AFG","AFG",115,"Latvia","LVA","LVA","0",8,"0","-","0","0","0"
1,"c1TWw1",1,2,2009,2,"Afghanistan","AFG","AFG",115,"Latvia","LVA","LVA",5,20,"0","-","0","0","0"
1,"c1TWw1",1,3,2010,2,"Afghanistan","AFG","AFG",115,"Latvia","LVA","LVA",19,22,"0","-","0","0","0"
1,"c1TWw1",1,4,2011,2,"Afghanistan","AFG","AFG",115,"Latvia","LVA","LVA",26,14,"0","-","0","0","0"
1,"c1TWw1",1,5,2012,2,"Afghanistan","AFG","AFG",115,"Latvia","LVA","LVA",28,5,"0","-","0","0","0"
1,"c1TWw1",1,6,2013,2,"Afghanistan","AFG","AFG",115,"Latvia","LVA","LVA",28,"0","0","-","0","0","0"
1,"c1TWw1",1,7,2014,2,"Afghanistan","AFG","AFG",115,"Latvia","LVA","LVA",28,12,"0","-","0","0","0"
1,"c1TWw1",1,8,2015,2,"Afghanistan","AFG","AFG",115,"Latvia","LVA","LVA",36,33,"0","-","0","0","0"
1,"c1TWw1",1,9,2016,2,"Afghanistan","AFG","AFG",115,"Latvia","LVA","LVA",44,10,"0","-","0","0","0"
1,"c1TWw1",1,10,2017,2,"Afghanistan","AFG","AFG",115,"Latvia","LVA","LVA",58,8,"0","-","0","0","0"
1,"c1TWw1",1,11,2018,2,"Afghanistan","AFG","AFG",115,"Latvia","LVA","LVA",67,"0","0","-","0","0","0"
1,"c1TWw1",1,12,2019,2,"Afghanistan","AFG","AFG",115,"Latvia","LVA","LVA",66,"0","0","-","0","0","0"
1,"c1TWw1",1,13,2020,2,"Afghanistan","AFG","AFG",115,"Latvia","LVA","LVA",63,5,"0","-","0","0","0"
1,"c1TWw1",1,14,2021,2,"Afghanistan","AFG","AFG",115,"Latvia","LVA","LVA",81,46,"0","-","0","0","0"
1,"c1TWw1",1,15,2022,2,"Afghanistan","AFG","AFG",115,"Latvia","LVA","LVA",207,30,"0","-","0","0","0"
1,"c1TWw1",1,16,2023,2,"Afghanistan","AFG","AFG",115,"Latvia","LVA","LVA",253,70,"0","-","0","0","0"
1,"c1TWw1",1,17,2024,2,"Afghanistan","AFG","AFG",115,"Latvia","LVA","LVA",306,36,"0","-","0","0","0"
1,"c1TWw1",1,18,2025,2,"Afghanistan","AFG","AFG",115,"Latvia","LVA","LVA",341,55,"0","-","0","0","0"
1,"c1TWw1",1,19,2011,4,"Algeria","ALG","DZA",115,"Latvia","LVA","LVA","0",5,"0","-","0","0","0"
1,"c1TWw1",1,20,2023,4,"Algeria","ALG","DZA",115,"Latvia","LVA","LVA","0",5,"0","-","0","0","0"
1,"c1TWw1",1,21,2025,4,"Algeria","ALG","DZA",115,"Latvia","LVA","LVA","0",25,"0","-","0","0","0"
1,"c1TWw1",1,22,2012,8,"Egypt","ARE","EGY",115,"Latvia","LVA","LVA","0",5,"0","-","0","0","0"
1,"c1TWw1",1,23,2013,8,"Egypt","ARE","EGY",115,"Latvia","LVA","LVA",5,5,"0","-","0","0","0"
1,"c1TWw1",1,24,2014,8,"Egypt","ARE","EGY",115,"Latvia","LVA","LVA",5,"0","0","-","0","0","0"
1,"c1TWw1",1,25,2015,8,"Egypt","ARE","EGY",115,"Latvia","LVA","LVA",5,"0","0","-","0","0","0"
1,"c1TWw1",1,26,2016,8,"Egypt","ARE","EGY",115,"Latvia","LVA","LVA",5,"0","0","-","0","0","0"
1,"c1TWw1",1,27,2017,8,"Egypt","ARE","EGY",115,"Latvia","LVA","LVA",5,"0","0","-","0","0","0"
1,"c1TWw1",1,28,2018,8,"Egypt","ARE","EGY",115,"Latvia","LVA","LVA",5,7,"0","-","0","0","0"
1,"c1TWw1",1,29,2019,8,"Egypt","ARE","EGY",115,"Latvia","LVA","LVA",5,5,"0","-","0","0","0"
1,"c1TWw1",1,30,2020,8,"Egypt","ARE","EGY",115,"Latvia","LVA","LVA",5,"0","0","-","0","0","0"
1,"c1TWw1",1,31,2021,8,"Egypt","ARE","EGY",115,"Latvia","LVA","LVA",5,5,"0","-","0","0","0"
1,"c1TWw1",1,32,2022,8,"Egypt","ARE","EGY",115,"Latvia","LVA","LVA",9,"0","0","-","0","0","0"
1,"c1TWw1",1,33,2023,8,"Egypt","ARE","EGY",115,"Latvia","LVA","LVA",10,5,"0","-","0","0","0"
1,"c1TWw1",1,34,2024,8,"Egypt","ARE","EGY",115,"Latvia","LVA","LVA",9,"0","0","-","0","0","0"
1,"c1TWw1",1,35,2025,8,"Egypt","ARE","EGY",115,"Latvia","LVA","LVA",6,10,"0","-","0","0","0"
1,"c1TWw1",1,36,2007,10,"Armenia","ARM","ARM",115,"Latvia","LVA","LVA","0",5,"0","-","0","0","0"
1,"c1TWw1",1,37,2014,10,"Armenia","ARM","ARM",115,"Latvia","LVA","LVA","0",5,"0","-","0","0","0"
1,"c1TWw1",1,38,2016,10,"Armenia","ARM","ARM",115,"Latvia","LVA","LVA","0",5,"0","-","0","0","0"
1,"c1TWw1",1,39,2022,10,"Armenia","ARM","ARM",115,"Latvia","LVA","LVA",11,"0","0","-","0","0","0"
1,"c1TWw1",1,40,2023,10,"Armenia","ARM","ARM",115,"Latvia","LVA","LVA",15,"0","0","-","0","0","0"
1,"c1TWw1",1,41,2024,10,"Armenia","ARM","ARM",115,"Latvia","LVA","LVA",12,"0","0","-","0","0","0"
1,"c1TWw1",1,42,2025,10,"Armenia","ARM","ARM",115,"Latvia","LVA","LVA",10,"0","0","-","0","0","0"
1,"c1TWw1",1,43,2007,13,"Azerbaijan","AZE","AZE",115,"Latvia","LVA","LVA",5,"0","0","-","0","0","0"
1,"c1TWw1",1,44,2008,13,"Azerbaijan","AZE","AZE",115,"Latvia","LVA","LVA",5,"0","0","-","0","0","0"
1,"c1TWw1",1,45,2009,13,"Azerbaijan","AZE","AZE",115,"Latvia","LVA","LVA",5,"0","0","-","0","0","0"
1,"c1TWw1",1,46,2010,13,"Azerbaijan","AZE","AZE",115,"Latvia","LVA","LVA",5,"0","0","-","0","0","0"
1,"c1TWw1",1,47,2011,13,"Azerbaijan","AZE","AZE",115,"Latvia","LVA","LVA",5,"0","0","-","0","0","0"
1,"c1TWw1",1,48,2012,13,"Azerbaijan","AZE","AZE",115,"Latvia","LVA","LVA",5,"0","0","-","0","0","0"
1,"c1TWw1",1,49,2013,13,"Azerbaijan","AZE","AZE",115,"Latvia","LVA","LVA",5,"0","0","-","0","0","0"
1,"c1TWw1",1,50,2014,13,"Azerbaijan","AZE","AZE",115,"Latvia","LVA","LVA",5,"0","0","-","0","0","0"
1,"c1TWw1",1,51,2015,13,"Azerbaijan","AZE","AZE",115,"Latvia","LVA","LVA",5,"0","0","-","0","0","0"
1,"c1TWw1",1,52,2016,13,"Azerbaijan","AZE","AZE",115,"Latvia","LVA","LVA",5,5,"0","-","0","0","0"
1,"c1TWw1",1,53,2017,13,"Azerbaijan","AZE","AZE",115,"Latvia","LVA","LVA",6,"0","0","-","0","0","0"
1,"c1TWw1",1,54,2018,13,"Azerbaijan","AZE","AZE",115,"Latvia","LVA","LVA",6,5,"0","-","0","0","0"
1,"c1TWw1",1,55,2019,13,"Azerbaijan","AZE","AZE",115,"Latvia","LVA","LVA",11,15,"0","-","0","0","0"
1,"c1TWw1",1,56,2020,13,"Azerbaijan","AZE","AZE",115,"Latvia","LVA","LVA",11,5,"0","-","0","0","0"
1,"c1TWw1",1,57,2021,13,"Azerbaijan","AZE","AZE",115,"Latvia","LVA","LVA",11,6,"0","-","0","0","0"
1,"c1TWw1",1,58,2022,13,"Azerbaijan","AZE","AZE",115,"Latvia","LVA","LVA",21,17,"0","-","0","0","0"
1,"c1TWw1",1,59,2023,13,"Azerbaijan","AZE","AZE",115,"Latvia","LVA","LVA",24,18,"0","-","0","0","0"
1,"c1TWw1",1,60,2024,13,"Azerbaijan","AZE","AZE",115,"Latvia","LVA","LVA",24,5,"0","-","0","0","0"
1,"c1TWw1",1,61,2025,13,"Azerbaijan","AZE","AZE",115,"Latvia","LVA","LVA",21,5,"0","-","0","0","0"
1,"c1TWw1",1,62,2023,16,"Burundi","BDI","BDI",115,"Latvia","LVA","LVA","0",6,"0","-","0","0","0"
1,"c1TWw1",1,63,2007,20,"Bangladesh","BGD","BGD",115,"Latvia","LVA","LVA","0",6,"0","-","0","0","0"
1,"c1TWw1",1,64,2016,20,"Bangladesh","BGD","BGD",115,"Latvia","LVA","LVA","0",5,"0","-","0","0","0"
1,"c1TWw1",1,65,2019,20,"Bangladesh","BGD","BGD",115,"Latvia","LVA","LVA","0",5,"0","-","0","0","0"
1,"c1TWw1",1,66,2020,20,"Bangladesh","BGD","BGD",115,"Latvia","LVA","LVA","0",5,"0","-","0","0","0"
1,"c1TWw1",1,67,2022,20,"Bangladesh","BGD","BGD",115,"Latvia","LVA","LVA","0",5,"0","-","0","0","0"
1,"c1TWw1",1,68,2023,20,"Bangladesh","BGD","BGD",115,"Latvia","LVA","LVA","0",17,"0","-","0","0","0"
1,"c1TWw1",1,69,2024,20,"Bangladesh","BGD","BGD",115,"Latvia","LVA","LVA","0",11,"0","-","0","0","0"
1,"c1TWw1",1,70,2025,20,"Bangladesh","BGD","BGD",115,"Latvia","LVA","LVA","0",10,"0","-","0","0","0"
1,"c1TWw1",1,71,2002,24,"Belarus","BLR","BLR",115,"Latvia","LVA","LVA",5,"0","0","-","0","0","0"
1,"c1TWw1",1,72,2003,24,"Belarus","BLR","BLR",115,"Latvia","LVA","LVA",5,"0","0","-","0","0","0"
1,"c1TWw1",1,73,2004,24,"Belarus","BLR","BLR",115,"Latvia","LVA","LVA",5,"0","0","-","0","0","0"
1,"c1TWw1",1,74,2005,24,"Belarus","BLR","BLR",115,"Latvia","LVA","LVA",5,"0","0","-","0","0","0"
1,"c1TWw1",1,75,2006,24,"Belarus","BLR","BLR",115,"Latvia","LVA","LVA",5,"0","0","-","0","0","0"
1,"c1TWw1",1,76,2007,24,"Belarus","BLR","BLR",115,"Latvia","LVA","LVA",5,"0","0","-","0","0","0"
1,"c1TWw1",1,77,2008,24,"Belarus","BLR","BLR",115,"Latvia","LVA","LVA",5,"0","0","-","0","0","0"
1,"c1TWw1",1,78,2009,24,"Belarus","BLR","BLR",115,"Latvia","LVA","LVA",7,"0","0","-","0","0","0"
1,"c1TWw1",1,79,2010,24,"Belarus","BLR","BLR",115,"Latvia","LVA","LVA",7,"0","0","-","0","0","0"
1,"c1TWw1",1,80,2011,24,"Belarus","BLR","BLR",115,"Latvia","LVA","LVA",7,"0","0","-","0","0","0"
1,"c1TWw1",1,81,2012,24,"Belarus","BLR","BLR",115,"Latvia","LVA","LVA",7,"0","0","-","0","0","0"
1,"c1TWw1",1,82,2013,24,"Belarus","BLR","BLR",115,"Latvia","LVA","LVA",7,"0","0","-","0","0","0"
1,"c1TWw1",1,83,2014,24,"Belarus","BLR","BLR",115,"Latvia","LVA","LVA",7,"0","0","-","0","0","0"
1,"c1TWw1",1,84,2015,24,"Belarus","BLR","BLR",115,"Latvia","LVA","LVA",7,"0","0","-","0","0","0"
1,"c1TWw1",1,85,2016,24,"Belarus","BLR","BLR",115,"Latvia","LVA","LVA",7,5,"0","-","0","0","0"
1,"c1TWw1",1,86,2017,24,"Belarus","BLR","BLR",115,"Latvia","LVA","LVA",7,"0","0","-","0","0","0"
1,"c1TWw1",1,87,2020,24,"Belarus","BLR","BLR",115,"Latvia","LVA","LVA",12,33,"0","-","0","0","0"
1,"c1TWw1",1,88,2021,24,"Belarus","BLR","BLR",115,"Latvia","LVA","LVA",61,33,"0","-","0","0","0"
1,"c1TWw1",1,89,2022,24,"Belarus","BLR","BLR",115,"Latvia","LVA","LVA",154,20,"0","-","0","0","0"
1,"c1TWw1",1,90,2023,24,"Belarus","BLR","BLR",115,"Latvia","LVA","LVA",184,11,"0","-","0","0","0"
1,"c1TWw1",1,91,2024,24,"Belarus","BLR","BLR",115,"Latvia","LVA","LVA",173,13,"0","-","0","0","0"
1,"c1TWw1",1,92,2025,24,"Belarus","BLR","BLR",115,"Latvia","LVA","LVA",176,5,"0","-","0","0","0"
1,"c1TWw1",1,93,2024,33,"Canada","CAN","CAN",115,"Latvia","LVA","LVA",6,"0","0","-","0","0","0"
1,"c1TWw1",1,94,2025,33,"Canada","CAN","CAN",115,"Latvia","LVA","LVA",6,"0","0","-","0","0","0"
1,"c1TWw1",1,95,2020,37,"China","CHI","CHN",115,"Latvia","LVA","LVA","0",5,"0","-","0","0","0"
1,"c1TWw1",1,96,2021,37,"China","CHI","CHN",115,"Latvia","LVA","LVA",5,"0","0","-","0","0","0"
1,"c1TWw1",1,97,2022,37,"China","CHI","CHN",115,"Latvia","LVA","LVA",5,"0","0","-","0","0","0"
1,"c1TWw1",1,98,2023,37,"China","CHI","CHN",115,"Latvia","LVA","LVA",5,"0","0","-","0","0","0"
1,"c1TWw1",1,99,2024,37,"China","CHI","CHN",115,"Latvia","LVA","LVA",5,"0","0","-","0","0","0"
1,"c1TWw1",1,100,2011,39,"Cameroon","CMR","CMR",115,"Latvia","LVA","LVA","0",5,"0","-","0","0","0"
1,"c1TWw1",1,101,2023,39,"Cameroon","CMR","CMR",115,"Latvia","LVA","LVA","0",35,"0","-","0","0","0"
1,"c1TWw1",1,102,2024,39,"Cameroon","CMR","CMR",115,"Latvia","LVA","LVA","0",10,"0","-","0","0","0"
1,"c1TWw1",1,103,2025,39,"Cameroon","CMR","CMR",115,"Latvia","LVA","LVA","0",18,"0","-","0","0","0"
1,"c1TWw1",1,104,2023,40,"Congo","COB","COG",115,"Latvia","LVA","LVA","0",5,"0","-","0","0","0"
1,"c1TWw1",1,105,2010,41,"Dem. Rep. of the Congo","COD","COD",115,"Latvia","LVA","LVA","0",5,"0","-","0","0","0"
1,"c1TWw1",1,106,2011,41,"Dem. Rep. of the Congo","COD","COD",115,"Latvia","LVA","LVA","0",30,"0","-","0","0","0"
1,"c1TWw1",1,107,2012,41,"Dem. Rep. of the Congo","COD","COD",115,"Latvia","LVA","LVA","0",22,"0","-","0","0","0"
1,"c1TWw1",1,108,2013,41,"Dem. Rep. of the Congo","COD","COD",115,"Latvia","LVA","LVA","0",16,"0","-","0","0","0"
1,"c1TWw1",1,109,2015,41,"Dem. Rep. of the Congo","COD","COD",115,"Latvia","LVA","LVA","0",6,"0","-","0","0","0"
1,"c1TWw1",1,110,2023,41,"Dem. Rep. of the Congo","COD","COD",115,"Latvia","LVA","LVA",5,25,"0","-","0","0","0"
1,"c1TWw1",1,111,2024,41,"Dem. Rep. of the Congo","COD","COD",115,"Latvia","LVA","LVA",5,8,"0","-","0","0","0"
1,"c1TWw1",1,112,2025,41,"Dem. Rep. of the Congo","COD","COD",115,"Latvia","LVA","LVA","0",6,"0","-","0","0","0"
1,"c1TWw1",1,113,2023,42,"Comoros","COI","COM",115,"Latvia","LVA","LVA","0",5,"0","-","0","0","0"
1,"c1TWw1",1,114,2025,42,"Comoros","COI","COM",115,"Latvia","LVA","LVA","0",7,"0","-","0","0","0"
1,"c1TWw1",1,115,2018,46,"Cuba","CUB","CUB",115,"Latvia","LVA","LVA","0",5,"0","-","0","0","0"
1,"c1TWw1",1,116,2021,46,"Cuba","CUB","CUB",115,"Latvia","LVA","LVA","0",5,"0","-","0","0","0"
1,"c1TWw1",1,117,2024,46,"Cuba","CUB","CUB",115,"Latvia","LVA","LVA","0",5,"0","-","0","0","0"
1,"c1TWw1",1,118,2025,46,"Cuba","CUB","CUB",115,"Latvia","LVA","LVA","0",5,"0","-","0","0","0"
1,"c1TWw1",1,119,2016,56,"Eritrea","ERT","ERI",115,"Latvia","LVA","LVA",11,"0","0","-","0","0","0"
1,"c1TWw1",1,120,2017,56,"Eritrea","ERT","ERI",115,"Latvia","LVA","LVA",30,"0","0","-","0","0","0"
1,"c1TWw1",1,121,2018,56,"Eritrea","ERT","ERI",115,"Latvia","LVA","LVA",37,"0","0","-","0","0","0"
1,"c1TWw1",1,122,2019,56,"Eritrea","ERT","ERI",115,"Latvia","LVA","LVA",35,"0","0","-","0","0","0"
1,"c1TWw1",1,123,2020,56,"Eritrea","ERT","ERI",115,"Latvia","LVA","LVA",35,"0","0","-","0","0","0"
1,"c1TWw1",1,124,2021,56,"Eritrea","ERT","ERI",115,"Latvia","LVA","LVA",35,"0","0","-","0","0","0"
1,"c1TWw1",1,125,2022,56,"Eritrea","ERT","ERI",115,"Latvia","LVA","LVA",35,"0","0","-","0","0","0"
1,"c1TWw1",1,126,2023,56,"Eritrea","ERT","ERI",115,"Latvia","LVA","LVA",29,11,"0","-","0","0","0"
1,"c1TWw1",1,127,2024,56,"Eritrea","ERT","ERI",115,"Latvia","LVA","LVA",32,"0","0","-","0","0","0"
1,"c1TWw1",1,128,2025,56,"Eritrea","ERT","ERI",115,"Latvia","LVA","LVA",28,7,"0","-","0","0","0"
1,"c1TWw1",1,129,2023,58,"Ethiopia","ETH","ETH",115,"Latvia","LVA","LVA","0",13,"0","-","0","0","0"
1,"c1TWw1",1,130,2025,58,"Ethiopia","ETH","ETH",115,"Latvia","LVA","LVA","0",18,"0","-","0","0","0"
1,"c1TWw1",1,131,2023,68,"Gambia","GAM","GMB",115,"Latvia","LVA","LVA","0",5,"0","-","0","0","0"
1,"c1TWw1",1,132,2025,68,"Gambia","GAM","GMB",115,"Latvia","LVA","LVA","0",5,"0","-","0","0","0"
1,"c1TWw1",1,133,2009,69,"Palestinian","GAZ","PSE",115,"Latvia","LVA","LVA","0",5,"0","-","0","0","0"
1,"c1TWw1",1,134,2011,69,"Palestinian","GAZ","PSE",115,"Latvia","LVA","LVA",5,"0","0","-","0","0","0"
1,"c1TWw1",1,135,2012,69,"Palestinian","GAZ","PSE",115,"Latvia","LVA","LVA",5,5,"0","-","0","0","0"
1,"c1TWw1",1,136,2013,69,"Palestinian","GAZ","PSE",115,"Latvia","LVA","LVA",5,"0","0","-","0","0","0"
1,"c1TWw1",1,137,2014,69,"Palestinian","GAZ","PSE",115,"Latvia","LVA","LVA",5,"0","0","-","0","0","0"
1,"c1TWw1",1,138,2015,69,"Palestinian","GAZ","PSE",115,"Latvia","LVA","LVA",5,"0","0","-","0","0","0"
1,"c1TWw1",1,139,2016,69,"Palestinian","GAZ","PSE",115,"Latvia","LVA","LVA",5,"0","0","-","0","0","0"
1,"c1TWw1",1,140,2017,69,"Palestinian","GAZ","PSE",115,"Latvia","LVA","LVA",5,"0","0","-","0","0","0"
1,"c1TWw1",1,141,2018,69,"Palestinian","GAZ","PSE",115,"Latvia","LVA","LVA",5,"0","0","-","0","0","0"
1,"c1TWw1",1,142,2019,69,"Palestinian","GAZ","PSE",115,"Latvia","LVA","LVA",6,"0","0","-","0","0","0"
1,"c1TWw1",1,143,2020,69,"Palestinian","GAZ","PSE",115,"Latvia","LVA","LVA",7,"0","0","-","0","0","0"
1,"c1TWw1",1,144,2021,69,"Palestinian","GAZ","PSE",115,"Latvia","LVA","LVA",7,"0","0","-","0","0","0"
1,"c1TWw1",1,145,2022,69,"Palestinian","GAZ","PSE",115,"Latvia","LVA","LVA",7,"0","0","-","0","0","0"
1,"c1TWw1",1,146,2023,69,"Palestinian","GAZ","PSE",115,"Latvia","LVA","LVA",5,"0","0","-","0","0","0"
1,"c1TWw1",1,147,2024,69,"Palestinian","GAZ","PSE",115,"Latvia","LVA","LVA",5,"0","0","-","0","0","0"
1,"c1TWw1",1,148,2025,69,"Palestinian","GAZ","PSE",115,"Latvia","LVA","LVA",5,"0","0","-","0","0","0"
1,"c1TWw1",1,149,2008,71,"Georgia","GEO","GEO",115,"Latvia","LVA","LVA","0",15,"0","-","0","0","0"
1,"c1TWw1",1,150,2009,71,"Georgia","GEO","GEO",115,"Latvia","LVA","LVA","0",10,"0","-","0","0","0"
1,"c1TWw1",1,151,2011,71,"Georgia","GEO","GEO",115,"Latvia","LVA","LVA","0",109,"0","-","0","0","0"
1,"c1TWw1",1,152,2012,71,"Georgia","GEO","GEO",115,"Latvia","LVA","LVA","0",99,"0","-","0","0","0"
1,"c1TWw1",1,153,2013,71,"Georgia","GEO","GEO",115,"Latvia","LVA","LVA","0",145,"0","-","0","0","0"
1,"c1TWw1",1,154,2014,71,"Georgia","GEO","GEO",115,"Latvia","LVA","LVA","0",115,"0","-","0","0","0"
1,"c1TWw1",1,155,2015,71,"Georgia","GEO","GEO",115,"Latvia","LVA","LVA","0",33,"0","-","0","0","0"
1,"c1TWw1",1,156,2020,71,"Georgia","GEO","GEO",115,"Latvia","LVA","LVA","0",5,"0","-","0","0","0"
1,"c1TWw1",1,157,2022,71,"Georgia","GEO","GEO",115,"Latvia","LVA","LVA",17,"0","0","-","0","0","0"
1,"c1TWw1",1,158,2023,71,"Georgia","GEO","GEO",115,"Latvia","LVA","LVA",26,"0","0","-","0","0","0"
1,"c1TWw1",1,159,2024,71,"Georgia","GEO","GEO",115,"Latvia","LVA","LVA",25,"0","0","-","0","0","0"
1,"c1TWw1",1,160,2025,71,"Georgia","GEO","GEO",115,"Latvia","LVA","LVA",18,"0","0","-","0","0","0"
1,"c1TWw1",1,161,2024,73,"Ghana","GHA","GHA",115,"Latvia","LVA","LVA",5,"0","0","-","0","0","0"
1,"c1TWw1",1,162,2025,73,"Ghana","GHA","GHA",115,"Latvia","LVA","LVA",5,"0","0","-","0","0","0"
1,"c1TWw1",1,163,2023,79,"Guinea","GUI","GIN",115,"Latvia","LVA","LVA","0",17,"0","-","0","0","0"
1,"c1TWw1",1,164,2024,79,"Guinea","GUI","GIN",115,"Latvia","LVA","LVA","0",5,"0","-","0","0","0"
1,"c1TWw1",1,165,2025,79,"Guinea","GUI","GIN",115,"Latvia","LVA","LVA","0",21,"0","-","0","0","0"
1,"c1TWw1",1,166,2025,82,"China, Hong Kong SAR","HKG","HKG",115,"Latvia","LVA","LVA",8,"0","0","-","0","0","0"
1,"c1TWw1",1,167,2011,87,"Cote d'Ivoire","ICO","CIV",115,"Latvia","LVA","LVA","0",5,"0","-","0","0","0"
1,"c1TWw1",1,168,2012,87,"Cote d'Ivoire","ICO","CIV",115,"Latvia","LVA","LVA","0",5,"0","-","0","0","0"
1,"c1TWw1",1,169,2022,88,"India","IND","IND",115,"Latvia","LVA","LVA","0",7,"0","-","0","0","0"
1,"c1TWw1",1,170,2023,88,"India","IND","IND",115,"Latvia","LVA","LVA",5,48,"0","-","0","0","0"
1,"c1TWw1",1,171,2024,88,"India","IND","IND",115,"Latvia","LVA","LVA",5,23,"0","-","0","0","0"
1,"c1TWw1",1,172,2025,88,"India","IND","IND",115,"Latvia","LVA","LVA",5,6,"0","-","0","0","0"
1,"c1TWw1",1,173,2009,91,"Iran (Islamic Rep. of)","IRN","IRN",115,"Latvia","LVA","LVA","0",5,"0","-","0","0","0"
1,"c1TWw1",1,174,2010,91,"Iran (Islamic Rep. of)","IRN","IRN",115,"Latvia","LVA","LVA","0",5,"0","-","0","0","0"
1,"c1TWw1",1,175,2011,91,"Iran (Islamic Rep. of)","IRN","IRN",115,"Latvia","LVA","LVA",5,14,"0","-","0","0","0"
1,"c1TWw1",1,176,2012,91,"Iran (Islamic Rep. of)","IRN","IRN",115,"Latvia","LVA","LVA",14,5,"0","-","0","0","0"
1,"c1TWw1",1,177,2013,91,"Iran (Islamic Rep. of)","IRN","IRN",115,"Latvia","LVA","LVA",19,"0","0","-","0","0","0"
1,"c1TWw1",1,178,2014,91,"Iran (Islamic Rep. of)","IRN","IRN",115,"Latvia","LVA","LVA",19,"0","0","-","0","0","0"
1,"c1TWw1",1,179,2015,91,"Iran (Islamic Rep. of)","IRN","IRN",115,"Latvia","LVA","LVA",19,"0","0","-","0","0","0"
1,"c1TWw1",1,180,2016,91,"Iran (Islamic Rep. of)","IRN","IRN",115,"Latvia","LVA","LVA",22,"0","0","-","0","0","0"
1,"c1TWw1",1,181,2017,91,"Iran (Islamic Rep. of)","IRN","IRN",115,"Latvia","LVA","LVA",23,"0","0","-","0","0","0"
1,"c1TWw1",1,182,2018,91,"Iran (Islamic Rep. of)","IRN","IRN",115,"Latvia","LVA","LVA",23,"0","0","-","0","0","0"
1,"c1TWw1",1,183,2019,91,"Iran (Islamic Rep. of)","IRN","IRN",115,"Latvia","LVA","LVA",23,5,"0","-","0","0","0"
1,"c1TWw1",1,184,2020,91,"Iran (Islamic Rep. of)","IRN","IRN",115,"Latvia","LVA","LVA",20,"0","0","-","0","0","0"
1,"c1TWw1",1,185,2021,91,"Iran (Islamic Rep. of)","IRN","IRN",115,"Latvia","LVA","LVA",17,"0","0","-","0","0","0"
1,"c1TWw1",1,186,2022,91,"Iran (Islamic Rep. of)","IRN","IRN",115,"Latvia","LVA","LVA",17,36,"0","-","0","0","0"
1,"c1TWw1",1,187,2023,91,"Iran (Islamic Rep. of)","IRN","IRN",115,"Latvia","LVA","LVA",18,74,"0","-","0","0","0"
1,"c1TWw1",1,188,2024,91,"Iran (Islamic Rep. of)","IRN","IRN",115,"Latvia","LVA","LVA",17,8,"0","-","0","0","0"
1,"c1TWw1",1,189,2025,91,"Iran (Islamic Rep. of)","IRN","IRN",115,"Latvia","LVA","LVA",16,10,"0","-","0","0","0"
1,"c1TWw1",1,190,2009,92,"Iraq","IRQ","IRQ",115,"Latvia","LVA","LVA",5,"0","0","-","0","0","0"
1,"c1TWw1",1,191,2010,92,"Iraq","IRQ","IRQ",115,"Latvia","LVA","LVA",5,"0","0","-","0","0","0"
1,"c1TWw1",1,192,2011,92,"Iraq","IRQ","IRQ",115,"Latvia","LVA","LVA",5,"0","0","-","0","0","0"
1,"c1TWw1",1,193,2012,92,"Iraq","IRQ","IRQ",115,"Latvia","LVA","LVA",5,"0","0","-","0","0","0"
1,"c1TWw1",1,194,2013,92,"Iraq","IRQ","IRQ",115,"Latvia","LVA","LVA",5,"0","0","-","0","0","0"
1,"c1TWw1",1,195,2014,92,"Iraq","IRQ","IRQ",115,"Latvia","LVA","LVA",5,14,"0","-","0","0","0"
1,"c1TWw1",1,196,2015,92,"Iraq","IRQ","IRQ",115,"Latvia","LVA","LVA",6,74,"0","-","0","0","0"
1,"c1TWw1",1,197,2016,92,"Iraq","IRQ","IRQ",115,"Latvia","LVA","LVA",33,5,"0","-","0","0","0"
1,"c1TWw1",1,198,2017,92,"Iraq","IRQ","IRQ",115,"Latvia","LVA","LVA",34,"0","0","-","0","0","0"
1,"c1TWw1",1,199,2018,92,"Iraq","IRQ","IRQ",115,"Latvia","LVA","LVA",38,5,"0","-","0","0","0"
1,"c1TWw1",1,200,2019,92,"Iraq","IRQ","IRQ",115,"Latvia","LVA","LVA",36,"0","0","-","0","0","0"
1,"c1TWw1",1,201,2020,92,"Iraq","IRQ","IRQ",115,"Latvia","LVA","LVA",39,"0","0","-","0","0","0"
1,"c1TWw1",1,202,2021,92,"Iraq","IRQ","IRQ",115,"Latvia","LVA","LVA",40,95,"0","-","0","0","0"
1,"c1TWw1",1,203,2022,92,"Iraq","IRQ","IRQ",115,"Latvia","LVA","LVA",44,32,"0","-","0","0","0"
1,"c1TWw1",1,204,2023,92,"Iraq","IRQ","IRQ",115,"Latvia","LVA","LVA",39,"0","0","-","0","0","0"
1,"c1TWw1",1,205,2024,92,"Iraq","IRQ","IRQ",115,"Latvia","LVA","LVA",38,"0","0","-","0","0","0"
1,"c1TWw1",1,206,2025,92,"Iraq","IRQ","IRQ",115,"Latvia","LVA","LVA",38,"0","0","-","0","0","0"
1,"c1TWw1",1,207,2022,93,"Israel","ISR","ISR",115,"Latvia","LVA","LVA",7,"0","0","-","0","0","0"
1,"c1TWw1",1,208,2023,93,"Israel","ISR","ISR",115,"Latvia","LVA","LVA",13,"0","0","-","0","0","0"
1,"c1TWw1",1,209,2024,93,"Israel","ISR","ISR",115,"Latvia","LVA","LVA",13,"0","0","-","0","0","0"
1,"c1TWw1",1,210,2025,93,"Israel","ISR","ISR",115,"Latvia","LVA","LVA",12,"0","0","-","0","0","0"
1,"c1TWw1",1,211,2015,98,"Kazakhstan","KAZ","KAZ",115,"Latvia","LVA","LVA","0",5,"0","-","0","0","0"
1,"c1TWw1",1,212,2016,98,"Kazakhstan","KAZ","KAZ",115,"Latvia","LVA","LVA",5,"0","0","-","0","0","0"
1,"c1TWw1",1,213,2017,98,"Kazakhstan","KAZ","KAZ",115,"Latvia","LVA","LVA",5,11,"0","-","0","0","0"
1,"c1TWw1",1,214,2018,98,"Kazakhstan","KAZ","KAZ",115,"Latvia","LVA","LVA",5,"0","0","-","0","0","0"
1,"c1TWw1",1,215,2019,98,"Kazakhstan","KAZ","KAZ",115,"Latvia","LVA","LVA",5,"0","0","-","0","0","0"
1,"c1TWw1",1,216,2020,98,"Kazakhstan","KAZ","KAZ",115,"Latvia","LVA","LVA",5,"0","0","-","0","0","0"
1,"c1TWw1",1,217,2021,98,"Kazakhstan","KAZ","KAZ",115,"Latvia","LVA","LVA",5,"0","0","-","0","0","0"
1,"c1TWw1",1,218,2022,98,"Kazakhstan","KAZ","KAZ",115,"Latvia","LVA","LVA",7,"0","0","-","0","0","0"
1,"c1TWw1",1,219,2023,98,"Kazakhstan","KAZ","KAZ",115,"Latvia","LVA","LVA",7,"0","0","-","0","0","0"
1,"c1TWw1",1,220,2024,98,"Kazakhstan","KAZ","KAZ",115,"Latvia","LVA","LVA",10,"0","0","-","0","0","0"
1,"c1TWw1",1,221,2025,98,"Kazakhstan","KAZ","KAZ",115,"Latvia","LVA","LVA",11,"0","0","-","0","0","0"
1,"c1TWw1",1,222,2010,100,"Kyrgyzstan","KGZ","KGZ",115,"Latvia","LVA","LVA","0",6,"0","-","0","0","0"
1,"c1TWw1",1,223,2012,100,"Kyrgyzstan","KGZ","KGZ",115,"Latvia","LVA","LVA","0",5,"0","-","0","0","0"
1,"c1TWw1",1,224,2013,100,"Kyrgyzstan","KGZ","KGZ",115,"Latvia","LVA","LVA",5,"0","0","-","0","0","0"
1,"c1TWw1",1,225,2014,100,"Kyrgyzstan","KGZ","KGZ",115,"Latvia","LVA","LVA",5,"0","0","-","0","0","0"
1,"c1TWw1",1,226,2015,100,"Kyrgyzstan","KGZ","KGZ",115,"Latvia","LVA","LVA",7,"0","0","-","0","0","0"
1,"c1TWw1",1,227,2016,100,"Kyrgyzstan","KGZ","KGZ",115,"Latvia","LVA","LVA",9,"0","0","-","0","0","0"
1,"c1TWw1",1,228,2017,100,"Kyrgyzstan","KGZ","KGZ",115,"Latvia","LVA","LVA",10,"0","0","-","0","0","0"
1,"c1TWw1",1,229,2018,100,"Kyrgyzstan","KGZ","KGZ",115,"Latvia","LVA","LVA",8,"0","0","-","0","0","0"
1,"c1TWw1",1,230,2019,100,"Kyrgyzstan","KGZ","KGZ",115,"Latvia","LVA","LVA",5,"0","0","-","0","0","0"
1,"c1TWw1",1,231,2020,100,"Kyrgyzstan","KGZ","KGZ",115,"Latvia","LVA","LVA",5,"0","0","-","0","0","0"
1,"c1TWw1",1,232,2021,100,"Kyrgyzstan","KGZ","KGZ",115,"Latvia","LVA","LVA",5,"0","0","-","0","0","0"
1,"c1TWw1",1,233,2022,100,"Kyrgyzstan","KGZ","KGZ",115,"Latvia","LVA","LVA",5,"0","0","-","0","0","0"
1,"c1TWw1",1,234,2023,100,"Kyrgyzstan","KGZ","KGZ",115,"Latvia","LVA","LVA",5,"0","0","-","0","0","0"
1,"c1TWw1",1,235,2024,100,"Kyrgyzstan","KGZ","KGZ",115,"Latvia","LVA","LVA",5,5,"0","-","0","0","0"
1,"c1TWw1",1,236,2025,100,"Kyrgyzstan","KGZ","KGZ",115,"Latvia","LVA","LVA",5,"0","0","-","0","0","0"
1,"c1TWw1",1,237,2017,109,"Lebanon","LEB","LBN",115,"Latvia","LVA","LVA",5,"0","0","-","0","0","0"
1,"c1TWw1",1,238,2018,109,"Lebanon","LEB","LBN",115,"Latvia","LVA","LVA",5,"0","0","-","0","0","0"
1,"c1TWw1",1,239,2019,109,"Lebanon","LEB","LBN",115,"Latvia","LVA","LVA",5,"0","0","-","0","0","0"
1,"c1TWw1",1,240,2020,109,"Lebanon","LEB","LBN",115,"Latvia","LVA","LVA",5,"0","0","-","0","0","0"
1,"c1TWw1",1,241,2021,109,"Lebanon","LEB","LBN",115,"Latvia","LVA","LVA",5,"0","0","-","0","0","0"
1,"c1TWw1",1,242,2022,109,"Lebanon","LEB","LBN",115,"Latvia","LVA","LVA",5,"0","0","-","0","0","0"
1,"c1TWw1",1,243,2023,109,"Lebanon","LEB","LBN",115,"Latvia","LVA","LVA",5,"0","0","-","0","0","0"
1,"c1TWw1",1,244,2024,109,"Lebanon","LEB","LBN",115,"Latvia","LVA","LVA",5,"0","0","-","0","0","0"
1,"c1TWw1",1,245,2025,109,"Lebanon","LEB","LBN",115,"Latvia","LVA","LVA",5,"0","0","-","0","0","0"
1,"c1TWw1",1,246,2014,112,"Sri Lanka","LKA","LKA",115,"Latvia","LVA","LVA","0",5,"0","-","0","0","0"
1,"c1TWw1",1,247,2016,112,"Sri Lanka","LKA","LKA",115,"Latvia","LVA","LVA",5,5,"0","-","0","0","0"
1,"c1TWw1",1,248,2017,112,"Sri Lanka","LKA","LKA",115,"Latvia","LVA","LVA",5,"0","0","-","0","0","0"
1,"c1TWw1",1,249,2018,112,"Sri Lanka","LKA","LKA",115,"Latvia","LVA","LVA",5,"0","0","-","0","0","0"
1,"c1TWw1",1,250,2019,112,"Sri Lanka","LKA","LKA",115,"Latvia","LVA","LVA",5,"0","0","-","0","0","0"
1,"c1TWw1",1,251,2020,112,"Sri Lanka","LKA","LKA",115,"Latvia","LVA","LVA",5,"0","0","-","0","0","0"
1,"c1TWw1",1,252,2021,112,"Sri Lanka","LKA","LKA",115,"Latvia","LVA","LVA",5,"0","0","-","0","0","0"
1,"c1TWw1",1,253,2022,112,"Sri Lanka","LKA","LKA",115,"Latvia","LVA","LVA",5,5,"0","-","0","0","0"
1,"c1TWw1",1,254,2023,112,"Sri Lanka","LKA","LKA",115,"Latvia","LVA","LVA",5,9,"0","-","0","0","0"
1,"c1TWw1",1,255,2024,112,"Sri Lanka","LKA","LKA",115,"Latvia","LVA","LVA",5,"0","0","-","0","0","0"
1,"c1TWw1",1,256,2025,112,"Sri Lanka","LKA","LKA",115,"Latvia","LVA","LVA",5,"0","0","-","0","0","0"
1,"c1TWw1",1,257,2022,122,"Rep. of Moldova","MDA","MDA",115,"Latvia","LVA","LVA",17,"0","0","-","0","0","0"
1,"c1TWw1",1,258,2023,122,"Rep. of Moldova","MDA","MDA",115,"Latvia","LVA","LVA",22,"0","0","-","0","0","0"
1,"c1TWw1",1,259,2024,122,"Rep. of Moldova","MDA","MDA",115,"Latvia","LVA","LVA",22,"0","0","-","0","0","0"
1,"c1TWw1",1,260,2025,122,"Rep. of Moldova","MDA","MDA",115,"Latvia","LVA","LVA",19,"0","0","-","0","0","0"
1,"c1TWw1",1,261,2023,126,"Mali","MLI","MLI",115,"Latvia","LVA","LVA","0",17,"0","-","0","0","0"
1,"c1TWw1",1,262,2024,126,"Mali","MLI","MLI",115,"Latvia","LVA","LVA","0",5,"0","-","0","0","0"
1,"c1TWw1",1,263,2025,126,"Mali","MLI","MLI",115,"Latvia","LVA","LVA",5,"0","0","-","0","0","0"
1,"c1TWw1",1,264,2025,130,"Morocco","MOR","MAR",115,"Latvia","LVA","LVA","0",47,"0","-","0","0","0"
1,"c1TWw1",1,265,2018,141,"Nigeria","NIG","NGA",115,"Latvia","LVA","LVA",5,"0","0","-","0","0","0"
1,"c1TWw1",1,266,2019,141,"Nigeria","NIG","NGA",115,"Latvia","LVA","LVA",5,"0","0","-","0","0","0"
1,"c1TWw1",1,267,2023,141,"Nigeria","NIG","NGA",115,"Latvia","LVA","LVA",5,"0","0","-","0","0","0"
1,"c1TWw1",1,268,2024,141,"Nigeria","NIG","NGA",115,"Latvia","LVA","LVA",5,"0","0","-","0","0","0"
1,"c1TWw1",1,269,2025,141,"Nigeria","NIG","NGA",115,"Latvia","LVA","LVA",5,"0","0","-","0","0","0"
1,"c1TWw1",1,270,1999,147,"Pakistan","PAK","PAK",115,"Latvia","LVA","LVA",5,"0","0","-","0","0","0"
1,"c1TWw1",1,271,2000,147,"Pakistan","PAK","PAK",115,"Latvia","LVA","LVA",5,"0","0","-","0","0","0"
1,"c1TWw1",1,272,2001,147,"Pakistan","PAK","PAK",115,"Latvia","LVA","LVA",5,"0","0","-","0","0","0"
1,"c1TWw1",1,273,2003,147,"Pakistan","PAK","PAK",115,"Latvia","LVA","LVA",5,"0","0","-","0","0","0"
1,"c1TWw1",1,274,2004,147,"Pakistan","PAK","PAK",115,"Latvia","LVA","LVA",5,"0","0","-","0","0","0"
1,"c1TWw1",1,275,2005,147,"Pakistan","PAK","PAK",115,"Latvia","LVA","LVA",5,"0","0","-","0","0","0"
1,"c1TWw1",1,276,2006,147,"Pakistan","PAK","PAK",115,"Latvia","LVA","LVA",5,"0","0","-","0","0","0"
1,"c1TWw1",1,277,2007,147,"Pakistan","PAK","PAK",115,"Latvia","LVA","LVA",5,"0","0","-","0","0","0"
1,"c1TWw1",1,278,2008,147,"Pakistan","PAK","PAK",115,"Latvia","LVA","LVA",5,"0","0","-","0","0","0"
1,"c1TWw1",1,279,2009,147,"Pakistan","PAK","PAK",115,"Latvia","LVA","LVA",5,"0","0","-","0","0","0"
1,"c1TWw1",1,280,2010,147,"Pakistan","PAK","PAK",115,"Latvia","LVA","LVA",5,"0","0","-","0","0","0"
1,"c1TWw1",1,281,2011,147,"Pakistan","PAK","PAK",115,"Latvia","LVA","LVA",5,"0","0","-","0","0","0"
1,"c1TWw1",1,282,2012,147,"Pakistan","PAK","PAK",115,"Latvia","LVA","LVA",5,"0","0","-","0","0","0"
1,"c1TWw1",1,283,2013,147,"Pakistan","PAK","PAK",115,"Latvia","LVA","LVA",5,"0","0","-","0","0","0"
1,"c1TWw1",1,284,2014,147,"Pakistan","PAK","PAK",115,"Latvia","LVA","LVA",5,"0","0","-","0","0","0"
1,"c1TWw1",1,285,2015,147,"Pakistan","PAK","PAK",115,"Latvia","LVA","LVA",5,6,"0","-","0","0","0"
1,"c1TWw1",1,286,2016,147,"Pakistan","PAK","PAK",115,"Latvia","LVA","LVA",5,5,"0","-","0","0","0"
1,"c1TWw1",1,287,2017,147,"Pakistan","PAK","PAK",115,"Latvia","LVA","LVA",5,"0","0","-","0","0","0"
1,"c1TWw1",1,288,2020,147,"Pakistan","PAK","PAK",115,"Latvia","LVA","LVA","0",5,"0","-","0","0","0"
1,"c1TWw1",1,289,2022,147,"Pakistan","PAK","PAK",115,"Latvia","LVA","LVA",12,"0","0","-","0","0","0"
1,"c1TWw1",1,290,2023,147,"Pakistan","PAK","PAK",115,"Latvia","LVA","LVA",14,5,"0","-","0","0","0"
1,"c1TWw1",1,291,2024,147,"Pakistan","PAK","PAK",115,"Latvia","LVA","LVA",14,10,"0","-","0","0","0"
1,"c1TWw1",1,292,2025,147,"Pakistan","PAK","PAK",115,"Latvia","LVA","LVA",5,5,"0","-","0","0","0"
1,"c1TWw1",1,293,2002,160,"Russian Federation","RUS","RUS",115,"Latvia","LVA","LVA","0",8,"0","-","0","0","0"
1,"c1TWw1",1,294,2003,160,"Russian Federation","RUS","RUS",115,"Latvia","LVA","LVA",6,"0","0","-","0","0","0"
1,"c1TWw1",1,295,2006,160,"Russian Federation","RUS","RUS",115,"Latvia","LVA","LVA",5,"0","0","-","0","0","0"
1,"c1TWw1",1,296,2007,160,"Russian Federation","RUS","RUS",115,"Latvia","LVA","LVA",5,"0","0","-","0","0","0"
1,"c1TWw1",1,297,2008,160,"Russian Federation","RUS","RUS",115,"Latvia","LVA","LVA",5,5,"0","-","0","0","0"
1,"c1TWw1",1,298,2009,160,"Russian Federation","RUS","RUS",115,"Latvia","LVA","LVA",6,5,"0","-","0","0","0"
1,"c1TWw1",1,299,2010,160,"Russian Federation","RUS","RUS",115,"Latvia","LVA","LVA",6,5,"0","-","0","0","0"
1,"c1TWw1",1,300,2011,160,"Russian Federation","RUS","RUS",115,"Latvia","LVA","LVA",9,13,"0","-","0","0","0"
1,"c1TWw1",1,301,2012,160,"Russian Federation","RUS","RUS",115,"Latvia","LVA","LVA",10,5,"0","-","0","0","0"
1,"c1TWw1",1,302,2013,160,"Russian Federation","RUS","RUS",115,"Latvia","LVA","LVA",14,5,"0","-","0","0","0"
1,"c1TWw1",1,303,2014,160,"Russian Federation","RUS","RUS",115,"Latvia","LVA","LVA",14,5,"0","-","0","0","0"
1,"c1TWw1",1,304,2015,160,"Russian Federation","RUS","RUS",115,"Latvia","LVA","LVA",14,10,"0","-","0","0","0"
1,"c1TWw1",1,305,2016,160,"Russian Federation","RUS","RUS",115,"Latvia","LVA","LVA",22,14,"0","-","0","0","0"
1,"c1TWw1",1,306,2017,160,"Russian Federation","RUS","RUS",115,"Latvia","LVA","LVA",24,19,"0","-","0","0","0"
1,"c1TWw1",1,307,2018,160,"Russian Federation","RUS","RUS",115,"Latvia","LVA","LVA",33,23,"0","-","0","0","0"
1,"c1TWw1",1,308,2019,160,"Russian Federation","RUS","RUS",115,"Latvia","LVA","LVA",56,6,"0","-","0","0","0"
1,"c1TWw1",1,309,2020,160,"Russian Federation","RUS","RUS",115,"Latvia","LVA","LVA",58,5,"0","-","0","0","0"
1,"c1TWw1",1,310,2021,160,"Russian Federation","RUS","RUS",115,"Latvia","LVA","LVA",59,9,"0","-","0","0","0"
1,"c1TWw1",1,311,2022,160,"Russian Federation","RUS","RUS",115,"Latvia","LVA","LVA",253,75,"0","-","0","0","0"
1,"c1TWw1",1,312,2023,160,"Russian Federation","RUS","RUS",115,"Latvia","LVA","LVA",341,42,"0","-","0","0","0"
1,"c1TWw1",1,313,2024,160,"Russian Federation","RUS","RUS",115,"Latvia","LVA","LVA",348,35,"0","-","0","0","0"
1,"c1TWw1",1,314,2025,160,"Russian Federation","RUS","RUS",115,"Latvia","LVA","LVA",278,29,"0","-","0","0","0"
1,"c1TWw1",1,315,2023,165,"Senegal","SEN","SEN",115,"Latvia","LVA","LVA","0",17,"0","-","0","0","0"
1,"c1TWw1",1,316,2025,165,"Senegal","SEN","SEN",115,"Latvia","LVA","LVA","0",10,"0","-","0","0","0"
1,"c1TWw1",1,317,2005,172,"Somalia","SOM","SOM",115,"Latvia","LVA","LVA","0",7,"0","-","0","0","0"
1,"c1TWw1",1,318,2006,172,"Somalia","SOM","SOM",115,"Latvia","LVA","LVA",7,"0","0","-","0","0","0"
1,"c1TWw1",1,319,2007,172,"Somalia","SOM","SOM",115,"Latvia","LVA","LVA",7,"0","0","-","0","0","0"
1,"c1TWw1",1,320,2008,172,"Somalia","SOM","SOM",115,"Latvia","LVA","LVA",7,"0","0","-","0","0","0"
1,"c1TWw1",1,321,2009,172,"Somalia","SOM","SOM",115,"Latvia","LVA","LVA",7,"0","0","-","0","0","0"
1,"c1TWw1",1,322,2010,172,"Somalia","SOM","SOM",115,"Latvia","LVA","LVA",7,"0","0","-","0","0","0"
1,"c1TWw1",1,323,2011,172,"Somalia","SOM","SOM",115,"Latvia","LVA","LVA",7,"0","0","-","0","0","0"
1,"c1TWw1",1,324,2012,172,"Somalia","SOM","SOM",115,"Latvia","LVA","LVA",7,"0","0","-","0","0","0"
1,"c1TWw1",1,325,2013,172,"Somalia","SOM","SOM",115,"Latvia","LVA","LVA",7,"0","0","-","0","0","0"
1,"c1TWw1",1,326,2014,172,"Somalia","SOM","SOM",115,"Latvia","LVA","LVA",7,"0","0","-","0","0","0"
1,"c1TWw1",1,327,2015,172,"Somalia","SOM","SOM",115,"Latvia","LVA","LVA",7,"0","0","-","0","0","0"
1,"c1TWw1",1,328,2016,172,"Somalia","SOM","SOM",115,"Latvia","LVA","LVA",7,"0","0","-","0","0","0"
1,"c1TWw1",1,329,2017,172,"Somalia","SOM","SOM",115,"Latvia","LVA","LVA",7,"0","0","-","0","0","0"
1,"c1TWw1",1,330,2018,172,"Somalia","SOM","SOM",115,"Latvia","LVA","LVA",5,"0","0","-","0","0","0"
1,"c1TWw1",1,331,2019,172,"Somalia","SOM","SOM",115,"Latvia","LVA","LVA",5,"0","0","-","0","0","0"
1,"c1TWw1",1,332,2020,172,"Somalia","SOM","SOM",115,"Latvia","LVA","LVA",5,"0","0","-","0","0","0"
1,"c1TWw1",1,333,2021,172,"Somalia","SOM","SOM",115,"Latvia","LVA","LVA",5,"0","0","-","0","0","0"
1,"c1TWw1",1,334,2022,172,"Somalia","SOM","SOM",115,"Latvia","LVA","LVA",5,"0","0","-","0","0","0"
1,"c1TWw1",1,335,2023,172,"Somalia","SOM","SOM",115,"Latvia","LVA","LVA",6,15,"0","-","0","0","0"
1,"c1TWw1",1,336,2024,172,"Somalia","SOM","SOM",115,"Latvia","LVA","LVA",6,5,"0","-","0","0","0"
1,"c1TWw1",1,337,2025,172,"Somalia","SOM","SOM",115,"Latvia","LVA","LVA",6,77,"0","-","0","0","0"
1,"c1TWw1",1,338,2014,174,"Viet Nam","SRV","VNM",115,"Latvia","LVA","LVA","0",10,"0","-","0","0","0"
1,"c1TWw1",1,339,2015,174,"Viet Nam","SRV","VNM",115,"Latvia","LVA","LVA","0",5,"0","-","0","0","0"
1,"c1TWw1",1,340,2017,174,"Viet Nam","SRV","VNM",115,"Latvia","LVA","LVA","0",6,"0","-","0","0","0"
1,"c1TWw1",1,341,2023,177,"Sudan","SUD","SDN",115,"Latvia","LVA","LVA","0",5,"0","-","0","0","0"
1,"c1TWw1",1,342,2024,177,"Sudan","SUD","SDN",115,"Latvia","LVA","LVA",7,"0","0","-","0","0","0"
1,"c1TWw1",1,343,2025,177,"Sudan","SUD","SDN",115,"Latvia","LVA","LVA",5,27,"0","-","0","0","0"
1,"c1TWw1",1,344,2008,185,"Syrian Arab Rep.","SYR","SYR",115,"Latvia","LVA","LVA","0",5,"0","-","0","0","0"
1,"c1TWw1",1,345,2011,185,"Syrian Arab Rep.","SYR","SYR",115,"Latvia","LVA","LVA",5,11,"0","-","0","0","0"
1,"c1TWw1",1,346,2012,185,"Syrian Arab Rep.","SYR","SYR",115,"Latvia","LVA","LVA",17,15,"0","-","0","0","0"
1,"c1TWw1",1,347,2013,185,"Syrian Arab Rep.","SYR","SYR",115,"Latvia","LVA","LVA",33,12,"0","-","0","0","0"
1,"c1TWw1",1,348,2014,185,"Syrian Arab Rep.","SYR","SYR",115,"Latvia","LVA","LVA",52,17,"0","-","0","0","0"
1,"c1TWw1",1,349,2015,185,"Syrian Arab Rep.","SYR","SYR",115,"Latvia","LVA","LVA",65,5,"0","-","0","0","0"
1,"c1TWw1",1,350,2016,185,"Syrian Arab Rep.","SYR","SYR",115,"Latvia","LVA","LVA",143,78,"0","-","0","0","0"
1,"c1TWw1",1,351,2017,185,"Syrian Arab Rep.","SYR","SYR",115,"Latvia","LVA","LVA",393,"0","0","-","0","0","0"
1,"c1TWw1",1,352,2018,185,"Syrian Arab Rep.","SYR","SYR",115,"Latvia","LVA","LVA",384,"0","0","-","0","0","0"
1,"c1TWw1",1,353,2019,185,"Syrian Arab Rep.","SYR","SYR",115,"Latvia","LVA","LVA",354,"0","0","-","0","0","0"
1,"c1TWw1",1,354,2020,185,"Syrian Arab Rep.","SYR","SYR",115,"Latvia","LVA","LVA",314,5,"0","-","0","0","0"
1,"c1TWw1",1,355,2021,185,"Syrian Arab Rep.","SYR","SYR",115,"Latvia","LVA","LVA",312,5,"0","-","0","0","0"
1,"c1TWw1",1,356,2022,185,"Syrian Arab Rep.","SYR","SYR",115,"Latvia","LVA","LVA",318,12,"0","-","0","0","0"
1,"c1TWw1",1,357,2023,185,"Syrian Arab Rep.","SYR","SYR",115,"Latvia","LVA","LVA",299,49,"0","-","0","0","0"
1,"c1TWw1",1,358,2024,185,"Syrian Arab Rep.","SYR","SYR",115,"Latvia","LVA","LVA",302,5,"0","-","0","0","0"
1,"c1TWw1",1,359,2025,185,"Syrian Arab Rep.","SYR","SYR",115,"Latvia","LVA","LVA",283,21,"0","-","0","0","0"
1,"c1TWw1",1,360,2016,189,"Tajikistan","TJK","TJK",115,"Latvia","LVA","LVA","0",9,"0","-","0","0","0"
1,"c1TWw1",1,361,2017,189,"Tajikistan","TJK","TJK",115,"Latvia","LVA","LVA",5,5,"0","-","0","0","0"
1,"c1TWw1",1,362,2018,189,"Tajikistan","TJK","TJK",115,"Latvia","LVA","LVA",5,"0","0","-","0","0","0"
1,"c1TWw1",1,363,2019,189,"Tajikistan","TJK","TJK",115,"Latvia","LVA","LVA",5,5,"0","-","0","0","0"
1,"c1TWw1",1,364,2020,189,"Tajikistan","TJK","TJK",115,"Latvia","LVA","LVA",5,"0","0","-","0","0","0"
1,"c1TWw1",1,365,2021,189,"Tajikistan","TJK","TJK",115,"Latvia","LVA","LVA",5,"0","0","-","0","0","0"
1,"c1TWw1",1,366,2022,189,"Tajikistan","TJK","TJK",115,"Latvia","LVA","LVA",14,"0","0","-","0","0","0"
1,"c1TWw1",1,367,2023,189,"Tajikistan","TJK","TJK",115,"Latvia","LVA","LVA",16,8,"0","-","0","0","0"
1,"c1TWw1",1,368,2024,189,"Tajikistan","TJK","TJK",115,"Latvia","LVA","LVA",12,60,"0","-","0","0","0"
1,"c1TWw1",1,369,2025,189,"Tajikistan","TJK","TJK",115,"Latvia","LVA","LVA",13,80,"0","-","0","0","0"
1,"c1TWw1",1,370,2023,190,"Turkmenistan","TKM","TKM",115,"Latvia","LVA","LVA",5,"0","0","-","0","0","0"
1,"c1TWw1",1,371,2011,196,"Türkiye","TUR","TUR",115,"Latvia","LVA","LVA","0",5,"0","-","0","0","0"
1,"c1TWw1",1,372,2016,196,"Türkiye","TUR","TUR",115,"Latvia","LVA","LVA","0",5,"0","-","0","0","0"
1,"c1TWw1",1,373,2017,196,"Türkiye","TUR","TUR",115,"Latvia","LVA","LVA",14,"0","0","-","0","0","0"
1,"c1TWw1",1,374,2018,196,"Türkiye","TUR","TUR",115,"Latvia","LVA","LVA",19,"0","0","-","0","0","0"
1,"c1TWw1",1,375,2019,196,"Türkiye","TUR","TUR",115,"Latvia","LVA","LVA",24,"0","0","-","0","0","0"
1,"c1TWw1",1,376,2020,196,"Türkiye","TUR","TUR",115,"Latvia","LVA","LVA",29,"0","0","-","0","0","0"
1,"c1TWw1",1,377,2021,196,"Türkiye","TUR","TUR",115,"Latvia","LVA","LVA",31,"0","0","-","0","0","0"
1,"c1TWw1",1,378,2022,196,"Türkiye","TUR","TUR",115,"Latvia","LVA","LVA",34,"0","0","-","0","0","0"
1,"c1TWw1",1,379,2023,196,"Türkiye","TUR","TUR",115,"Latvia","LVA","LVA",38,"0","0","-","0","0","0"
1,"c1TWw1",1,380,2024,196,"Türkiye","TUR","TUR",115,"Latvia","LVA","LVA",37,"0","0","-","0","0","0"
1,"c1TWw1",1,381,2025,196,"Türkiye","TUR","TUR",115,"Latvia","LVA","LVA",37,"0","0","-","0","0","0"
1,"c1TWw1",1,382,2014,200,"Ukraine","UKR","UKR",115,"Latvia","LVA","LVA","0",52,"0","-","0","0","0"
1,"c1TWw1",1,383,2015,200,"Ukraine","UKR","UKR",115,"Latvia","LVA","LVA","0",5,"0","-","0","0","0"
1,"c1TWw1",1,384,2021,200,"Ukraine","UKR","UKR",115,"Latvia","LVA","LVA","0",5,"0","-","0","0","0"
1,"c1TWw1",1,385,2022,200,"Ukraine","UKR","UKR",115,"Latvia","LVA","LVA",37800,10,"0","-","0","0","0"
1,"c1TWw1",1,386,2023,200,"Ukraine","UKR","UKR",115,"Latvia","LVA","LVA",44307,5,"0","-","0","0","0"
1,"c1TWw1",1,387,2024,200,"Ukraine","UKR","UKR",115,"Latvia","LVA","LVA",47687,5,"0","-","0","0","0"
1,"c1TWw1",1,388,2025,200,"Ukraine","UKR","UKR",115,"Latvia","LVA","LVA",31661,"0","0","-","0","0","0"
1,"c1TWw1",1,389,2022,202,"United States of America","USA","USA",115,"Latvia","LVA","LVA",6,"0","0","-","0","0","0"
1,"c1TWw1",1,390,2023,202,"United States of America","USA","USA",115,"Latvia","LVA","LVA",6,"0","0","-","0","0","0"
1,"c1TWw1",1,391,2024,202,"United States of America","USA","USA",115,"Latvia","LVA","LVA",12,"0","0","-","0","0","0"
1,"c1TWw1",1,392,2025,202,"United States of America","USA","USA",115,"Latvia","LVA","LVA",9,"0","0","-","0","0","0"
1,"c1TWw1",1,393,2009,203,"Uzbekistan","UZB","UZB",115,"Latvia","LVA","LVA","0",9,"0","-","0","0","0"
1,"c1TWw1",1,394,2010,203,"Uzbekistan","UZB","UZB",115,"Latvia","LVA","LVA",6,"0","0","-","0","0","0"
1,"c1TWw1",1,395,2011,203,"Uzbekistan","UZB","UZB",115,"Latvia","LVA","LVA",9,5,"0","-","0","0","0"
1,"c1TWw1",1,396,2012,203,"Uzbekistan","UZB","UZB",115,"Latvia","LVA","LVA",10,"0","0","-","0","0","0"
1,"c1TWw1",1,397,2013,203,"Uzbekistan","UZB","UZB",115,"Latvia","LVA","LVA",11,"0","0","-","0","0","0"
1,"c1TWw1",1,398,2014,203,"Uzbekistan","UZB","UZB",115,"Latvia","LVA","LVA",11,"0","0","-","0","0","0"
1,"c1TWw1",1,399,2015,203,"Uzbekistan","UZB","UZB",115,"Latvia","LVA","LVA",12,"0","0","-","0","0","0"
1,"c1TWw1",1,400,2016,203,"Uzbekistan","UZB","UZB",115,"Latvia","LVA","LVA",12,"0","0","-","0","0","0"
1,"c1TWw1",1,401,2017,203,"Uzbekistan","UZB","UZB",115,"Latvia","LVA","LVA",12,5,"0","-","0","0","0"
1,"c1TWw1",1,402,2018,203,"Uzbekistan","UZB","UZB",115,"Latvia","LVA","LVA",9,"0","0","-","0","0","0"
1,"c1TWw1",1,403,2019,203,"Uzbekistan","UZB","UZB",115,"Latvia","LVA","LVA",14,"0","0","-","0","0","0"
1,"c1TWw1",1,404,2020,203,"Uzbekistan","UZB","UZB",115,"Latvia","LVA","LVA",14,"0","0","-","0","0","0"
1,"c1TWw1",1,405,2021,203,"Uzbekistan","UZB","UZB",115,"Latvia","LVA","LVA",11,"0","0","-","0","0","0"
1,"c1TWw1",1,406,2022,203,"Uzbekistan","UZB","UZB",115,"Latvia","LVA","LVA",27,"0","0","-","0","0","0"
1,"c1TWw1",1,407,2023,203,"Uzbekistan","UZB","UZB",115,"Latvia","LVA","LVA",30,5,"0","-","0","0","0"
1,"c1TWw1",1,408,2024,203,"Uzbekistan","UZB","UZB",115,"Latvia","LVA","LVA",31,9,"0","-","0","0","0"
1,"c1TWw1",1,409,2025,203,"Uzbekistan","UZB","UZB",115,"Latvia","LVA","LVA",24,10,"0","-","0","0","0"
1,"c1TWw1",1,410,2023,211,"Yemen","YEM","YEM",115,"Latvia","LVA","LVA",5,5,"0","-","0","0","0"
1,"c1TWw1",1,411,2024,211,"Yemen","YEM","YEM",115,"Latvia","LVA","LVA",6,"0","0","-","0","0","0"
1,"c1TWw1",1,412,2025,211,"Yemen","YEM","YEM",115,"Latvia","LVA","LVA",5,8,"0","-","0","0","0"
1,"c1TWw1",1,413,2004,216,"Stateless","STA","XXA",115,"Latvia","LVA","LVA","0","0","0","-",452176,"0","0"
1,"c1TWw1",1,414,2005,216,"Stateless","STA","XXA",115,"Latvia","LVA","LVA","0","0","0","-",418638,"0","0"
1,"c1TWw1",1,415,2006,216,"Stateless","STA","XXA",115,"Latvia","LVA","LVA","0","0","0","-",393012,"0","0"
1,"c1TWw1",1,416,2007,216,"Stateless","STA","XXA",115,"Latvia","LVA","LVA","0","0","0","-",372622,"0","0"
1,"c1TWw1",1,417,2008,216,"Stateless","STA","XXA",115,"Latvia","LVA","LVA","0","0","0","-",365417,"0","0"
1,"c1TWw1",1,418,2009,216,"Stateless","STA","XXA",115,"Latvia","LVA","LVA","0","0","0","-",344263,"0","0"
1,"c1TWw1",1,419,2010,216,"Stateless","STA","XXA",115,"Latvia","LVA","LVA","0","0","0","-",326906,"0","0"
1,"c1TWw1",1,420,2011,216,"Stateless","STA","XXA",115,"Latvia","LVA","LVA","0","0","0","-",312362,"0","0"
1,"c1TWw1",1,421,2012,216,"Stateless","STA","XXA",115,"Latvia","LVA","LVA","0","0","0","-",280759,"0","0"
1,"c1TWw1",1,422,2013,216,"Stateless","STA","XXA",115,"Latvia","LVA","LVA","0","0","0","-",267789,"0","0"
1,"c1TWw1",1,423,2014,216,"Stateless","STA","XXA",115,"Latvia","LVA","LVA","0","0","0","-",262802,"0","0"
1,"c1TWw1",1,424,2015,216,"Stateless","STA","XXA",115,"Latvia","LVA","LVA","0","0","0","-",252195,"0","0"
1,"c1TWw1",1,425,2016,216,"Stateless","STA","XXA",115,"Latvia","LVA","LVA","0","0","0","-",242736,"0","0"
1,"c1TWw1",1,426,2017,216,"Stateless","STA","XXA",115,"Latvia","LVA","LVA","0","0","0","-",233571,"0","0"
1,"c1TWw1",1,427,2018,216,"Stateless","STA","XXA",115,"Latvia","LVA","LVA","0","0","0","-",224844,"0","0"
1,"c1TWw1",1,428,2019,216,"Stateless","STA","XXA",115,"Latvia","LVA","LVA","0","0","0","-",216851,"0","0"
1,"c1TWw1",1,429,2020,216,"Stateless","STA","XXA",115,"Latvia","LVA","LVA","0","0","0","-",209167,"0","0"
1,"c1TWw1",1,430,2021,216,"Stateless","STA","XXA",115,"Latvia","LVA","LVA","0","0","0","-",195354,"0","0"
1,"c1TWw1",1,431,2022,216,"Stateless","STA","XXA",115,"Latvia","LVA","LVA","0","0","0","-",187564,"0","0"
1,"c1TWw1",1,432,2023,216,"Stateless","STA","XXA",115,"Latvia","LVA","LVA","0","0","0","-",180614,"0","0"
1,"c1TWw1",1,433,2024,216,"Stateless","STA","XXA",115,"Latvia","LVA","LVA",5,"0","0","-",173891,"0","0"
1,"c1TWw1",1,434,2025,216,"Stateless","STA","XXA",115,"Latvia","LVA","LVA",5,"0","0","-",170627,"0","0"
1,"c1TWw1",1,435,1999,262,"Unknown ","UKN","UNK",115,"Latvia","LVA","LVA","0","0","0","-","0","0",5
1,"c1TWw1",1,436,2000,262,"Unknown ","UKN","UNK",115,"Latvia","LVA","LVA","0","0","0","-","0","0",5
1,"c1TWw1",1,437,2022,262,"Unknown ","UKN","UNK",115,"Latvia","LVA","LVA",13,"0","0","-","0","0","0"
1,"c1TWw1",1,438,2023,262,"Unknown ","UKN","UNK",115,"Latvia","LVA","LVA",14,"0","0","-","0","0","0"
1,"c1TWw1",1,439,2024,262,"Unknown ","UKN","UNK",115,"Latvia","LVA","LVA",21,"0","0","-","0","0","0"
1,"c1TWw1",1,440,2025,262,"Unknown ","UKN","UNK",115,"Latvia","LVA","LVA",5,"0","0","-","0","0","0"
