"page","short-url","maxPages","items","year","coo_id","coo_name","coo","coo_iso","coa_id","coa_name","coa","coa_iso","refugees","asylum_seekers","returned_refugees","idps","returned_idps","stateless","ooc","oip","hst"
1,"0bN7oM",1,1,2012,2,"Afghanistan","AFG","AFG",153,"Papua New Guinea","PNG","PNG","0",13,"0","0","0","0","0","-","0"
1,"0bN7oM",1,2,2013,2,"Afghanistan","AFG","AFG",153,"Papua New Guinea","PNG","PNG","0",51,"0","0","0","0","0","-","0"
1,"0bN7oM",1,3,2014,2,"Afghanistan","AFG","AFG",153,"Papua New Guinea","PNG","PNG",27,69,"0","0","0","0","0","-","0"
1,"0bN7oM",1,4,2015,2,"Afghanistan","AFG","AFG",153,"Papua New Guinea","PNG","PNG",27,7,"0","0","0","0","0","-","0"
1,"0bN7oM",1,5,2016,2,"Afghanistan","AFG","AFG",153,"Papua New Guinea","PNG","PNG",28,"0","0","0","0","0","0","-","0"
1,"0bN7oM",1,6,2017,2,"Afghanistan","AFG","AFG",153,"Papua New Guinea","PNG","PNG",117,"0","0","0","0","0","0","-","0"
1,"0bN7oM",1,7,2018,2,"Afghanistan","AFG","AFG",153,"Papua New Guinea","PNG","PNG",118,7,"0","0","0","0","0","-","0"
1,"0bN7oM",1,8,2019,2,"Afghanistan","AFG","AFG",153,"Papua New Guinea","PNG","PNG",43,5,"0","0","0","0","0","-","0"
1,"0bN7oM",1,9,2020,2,"Afghanistan","AFG","AFG",153,"Papua New Guinea","PNG","PNG",35,"0","0","0","0","0","0","-","0"
1,"0bN7oM",1,10,2021,2,"Afghanistan","AFG","AFG",153,"Papua New Guinea","PNG","PNG",30,"0","0","0","0","0","0","-","0"
1,"0bN7oM",1,11,2022,2,"Afghanistan","AFG","AFG",153,"Papua New Guinea","PNG","PNG",18,"0","0","0","0","0","0","-","0"
1,"0bN7oM",1,12,2023,2,"Afghanistan","AFG","AFG",153,"Papua New Guinea","PNG","PNG",9,"0",9,"0","0","0","0","-","0"
1,"0bN7oM",1,13,2024,2,"Afghanistan","AFG","AFG",153,"Papua New Guinea","PNG","PNG",6,"0","0","0","0","0","0","-","0"
1,"0bN7oM",1,14,2025,2,"Afghanistan","AFG","AFG",153,"Papua New Guinea","PNG","PNG",6,"0","0","0","0","0","0","-","0"
1,"0bN7oM",1,15,1993,6,"Angola","ANG","AGO",153,"Papua New Guinea","PNG","PNG",5,"0","0","0","0","0","0","-","0"
1,"0bN7oM",1,16,1994,6,"Angola","ANG","AGO",153,"Papua New Guinea","PNG","PNG",5,"0","0","0","0","0","0","-","0"
1,"0bN7oM",1,17,2005,8,"Egypt","ARE","EGY",153,"Papua New Guinea","PNG","PNG",5,"0","0","0","0","0","0","-","0"
1,"0bN7oM",1,18,2014,20,"Bangladesh","BGD","BGD",153,"Papua New Guinea","PNG","PNG","0",55,"0","0","0","0","0","-","0"
1,"0bN7oM",1,19,2015,20,"Bangladesh","BGD","BGD",153,"Papua New Guinea","PNG","PNG","0",5,"0","0","0","0","0","-","0"
1,"0bN7oM",1,20,2017,20,"Bangladesh","BGD","BGD",153,"Papua New Guinea","PNG","PNG",20,"0","0","0","0","0","0","-","0"
1,"0bN7oM",1,21,2018,20,"Bangladesh","BGD","BGD",153,"Papua New Guinea","PNG","PNG",20,5,"0","0","0","0","0","-","0"
1,"0bN7oM",1,22,2019,20,"Bangladesh","BGD","BGD",153,"Papua New Guinea","PNG","PNG",14,"0","0","0","0","0","0","-","0"
1,"0bN7oM",1,23,2020,20,"Bangladesh","BGD","BGD",153,"Papua New Guinea","PNG","PNG",15,5,"0","0","0","0","0","-","0"
1,"0bN7oM",1,24,2021,20,"Bangladesh","BGD","BGD",153,"Papua New Guinea","PNG","PNG",15,5,"0","0","0","0","0","-","0"
1,"0bN7oM",1,25,2022,20,"Bangladesh","BGD","BGD",153,"Papua New Guinea","PNG","PNG",5,"0","0","0","0","0","0","-","0"
1,"0bN7oM",1,26,2023,20,"Bangladesh","BGD","BGD",153,"Papua New Guinea","PNG","PNG",5,"0","0","0","0","0","0","-","0"
1,"0bN7oM",1,27,2024,20,"Bangladesh","BGD","BGD",153,"Papua New Guinea","PNG","PNG",5,6,"0","0","0","0","0","-","0"
1,"0bN7oM",1,28,2025,20,"Bangladesh","BGD","BGD",153,"Papua New Guinea","PNG","PNG",5,6,"0","0","0","0","0","-","0"
1,"0bN7oM",1,29,2014,88,"India","IND","IND",153,"Papua New Guinea","PNG","PNG","0",6,"0","0","0","0","0","-","0"
1,"0bN7oM",1,30,2015,88,"India","IND","IND",153,"Papua New Guinea","PNG","PNG","0",5,"0","0","0","0","0","-","0"
1,"0bN7oM",1,31,2018,88,"India","IND","IND",153,"Papua New Guinea","PNG","PNG","0",5,"0","0","0","0","0","-","0"
1,"0bN7oM",1,32,2019,88,"India","IND","IND",153,"Papua New Guinea","PNG","PNG","0",5,"0","0","0","0","0","-","0"
1,"0bN7oM",1,33,2020,88,"India","IND","IND",153,"Papua New Guinea","PNG","PNG","0",5,"0","0","0","0","0","-","0"
1,"0bN7oM",1,34,2021,88,"India","IND","IND",153,"Papua New Guinea","PNG","PNG","0",5,"0","0","0","0","0","-","0"
1,"0bN7oM",1,35,1978,89,"Indonesia","INS","IDN",153,"Papua New Guinea","PNG","PNG",1000,"0","0","0","0","0","0","-","0"
1,"0bN7oM",1,36,1979,89,"Indonesia","INS","IDN",153,"Papua New Guinea","PNG","PNG",1000,"0","0","0","0","0","0","-","0"
1,"0bN7oM",1,37,1980,89,"Indonesia","INS","IDN",153,"Papua New Guinea","PNG","PNG",1000,"0","0","0","0","0","0","-","0"
1,"0bN7oM",1,38,1981,89,"Indonesia","INS","IDN",153,"Papua New Guinea","PNG","PNG",150,"0","0","0","0","0","0","-","0"
1,"0bN7oM",1,39,1982,89,"Indonesia","INS","IDN",153,"Papua New Guinea","PNG","PNG",2200,"0","0","0","0","0","0","-","0"
1,"0bN7oM",1,40,1983,89,"Indonesia","INS","IDN",153,"Papua New Guinea","PNG","PNG",1230,"0",850,"0","0","0","0","-","0"
1,"0bN7oM",1,41,1984,89,"Indonesia","INS","IDN",153,"Papua New Guinea","PNG","PNG",10950,"0",110,"0","0","0","0","-","0"
1,"0bN7oM",1,42,1985,89,"Indonesia","INS","IDN",153,"Papua New Guinea","PNG","PNG",11750,"0",70,"0","0","0","0","-","0"
1,"0bN7oM",1,43,1986,89,"Indonesia","INS","IDN",153,"Papua New Guinea","PNG","PNG",11290,"0",1130,"0","0","0","0","-","0"
1,"0bN7oM",1,44,1987,89,"Indonesia","INS","IDN",153,"Papua New Guinea","PNG","PNG",9620,"0",1330,"0","0","0","0","-","0"
1,"0bN7oM",1,45,1988,89,"Indonesia","INS","IDN",153,"Papua New Guinea","PNG","PNG",9241,"0",450,"0","0","0","0","-","0"
1,"0bN7oM",1,46,1989,89,"Indonesia","INS","IDN",153,"Papua New Guinea","PNG","PNG",7715,"0",80,"0","0","0","0","-","0"
1,"0bN7oM",1,47,1990,89,"Indonesia","INS","IDN",153,"Papua New Guinea","PNG","PNG",7080,"0",990,"0","0","0","0","-","0"
1,"0bN7oM",1,48,1991,89,"Indonesia","INS","IDN",153,"Papua New Guinea","PNG","PNG",6089,"0",540,"0","0","0","0","-","0"
1,"0bN7oM",1,49,1992,89,"Indonesia","INS","IDN",153,"Papua New Guinea","PNG","PNG",6679,"0","0","0","0","0","0","-","0"
1,"0bN7oM",1,50,1993,89,"Indonesia","INS","IDN",153,"Papua New Guinea","PNG","PNG",7665,"0",232,"0","0","0","0","-","0"
1,"0bN7oM",1,51,1994,89,"Indonesia","INS","IDN",153,"Papua New Guinea","PNG","PNG",8456,"0",186,"0","0","0","0","-","0"
1,"0bN7oM",1,52,1995,89,"Indonesia","INS","IDN",153,"Papua New Guinea","PNG","PNG",9600,"0","0","0","0","0","0","-","0"
1,"0bN7oM",1,53,1996,89,"Indonesia","INS","IDN",153,"Papua New Guinea","PNG","PNG",10175,"0",25,"0","0","0","0","-","0"
1,"0bN7oM",1,54,1997,89,"Indonesia","INS","IDN",153,"Papua New Guinea","PNG","PNG",8198,"0","0","0","0","0","0","-","0"
1,"0bN7oM",1,55,1998,89,"Indonesia","INS","IDN",153,"Papua New Guinea","PNG","PNG",8198,"0","0","0","0","0","0","-","0"
1,"0bN7oM",1,56,1999,89,"Indonesia","INS","IDN",153,"Papua New Guinea","PNG","PNG",6664,"0","0","0","0","0","0","-","0"
1,"0bN7oM",1,57,2000,89,"Indonesia","INS","IDN",153,"Papua New Guinea","PNG","PNG",5862,"0",802,"0","0","0","0","-","0"
1,"0bN7oM",1,58,2001,89,"Indonesia","INS","IDN",153,"Papua New Guinea","PNG","PNG",4941,"0","0","0","0","0","0","-","0"
1,"0bN7oM",1,59,2002,89,"Indonesia","INS","IDN",153,"Papua New Guinea","PNG","PNG",4941,300,"0","0","0","0","0","-","0"
1,"0bN7oM",1,60,2003,89,"Indonesia","INS","IDN",153,"Papua New Guinea","PNG","PNG",7491,300,"0","0","0","0","0","-","0"
1,"0bN7oM",1,61,2004,89,"Indonesia","INS","IDN",153,"Papua New Guinea","PNG","PNG",7626,186,"0","0","0","0","0","-","0"
1,"0bN7oM",1,62,2005,89,"Indonesia","INS","IDN",153,"Papua New Guinea","PNG","PNG",9991,"0",135,"0","0","0","0","-","0"
1,"0bN7oM",1,63,2006,89,"Indonesia","INS","IDN",153,"Papua New Guinea","PNG","PNG",10177,"0","0","0","0","0","0","-","0"
1,"0bN7oM",1,64,2007,89,"Indonesia","INS","IDN",153,"Papua New Guinea","PNG","PNG",10000,"0","0","0","0","0","0","-","0"
1,"0bN7oM",1,65,2008,89,"Indonesia","INS","IDN",153,"Papua New Guinea","PNG","PNG",10000,"0","0","0","0","0","0","-","0"
1,"0bN7oM",1,66,2009,89,"Indonesia","INS","IDN",153,"Papua New Guinea","PNG","PNG",9689,"0",311,"0","0","0","0","-","0"
1,"0bN7oM",1,67,2010,89,"Indonesia","INS","IDN",153,"Papua New Guinea","PNG","PNG",9689,"0","0","0","0","0","0","-","0"
1,"0bN7oM",1,68,2011,89,"Indonesia","INS","IDN",153,"Papua New Guinea","PNG","PNG",9368,"0","0","0","0","0","0","-","0"
1,"0bN7oM",1,69,2012,89,"Indonesia","INS","IDN",153,"Papua New Guinea","PNG","PNG",9368,"0",35,"0","0","0","0","-","0"
1,"0bN7oM",1,70,2013,89,"Indonesia","INS","IDN",153,"Papua New Guinea","PNG","PNG",9368,"0","0","0","0","0","0","-","0"
1,"0bN7oM",1,71,2014,89,"Indonesia","INS","IDN",153,"Papua New Guinea","PNG","PNG",9368,"0","0","0","0","0","0","-","0"
1,"0bN7oM",1,72,2015,89,"Indonesia","INS","IDN",153,"Papua New Guinea","PNG","PNG",9368,"0","0","0","0","0","0","-","0"
1,"0bN7oM",1,73,2016,89,"Indonesia","INS","IDN",153,"Papua New Guinea","PNG","PNG",9368,"0","0","0","0","0","0","-","0"
1,"0bN7oM",1,74,2017,89,"Indonesia","INS","IDN",153,"Papua New Guinea","PNG","PNG",9368,"0","0","0","0","0","0","-","0"
1,"0bN7oM",1,75,2018,89,"Indonesia","INS","IDN",153,"Papua New Guinea","PNG","PNG",9368,"0","0","0","0","0","0","-","0"
1,"0bN7oM",1,76,2019,89,"Indonesia","INS","IDN",153,"Papua New Guinea","PNG","PNG",9368,"0","0","0","0","0","0","-","0"
1,"0bN7oM",1,77,2020,89,"Indonesia","INS","IDN",153,"Papua New Guinea","PNG","PNG",10501,"0","0","0","0","0","0","-","0"
1,"0bN7oM",1,78,2021,89,"Indonesia","INS","IDN",153,"Papua New Guinea","PNG","PNG",11601,28,"0","0","0","0",106,"-","0"
1,"0bN7oM",1,79,2022,89,"Indonesia","INS","IDN",153,"Papua New Guinea","PNG","PNG",10445,3280,"0","0","0","0","0","-","0"
1,"0bN7oM",1,80,2023,89,"Indonesia","INS","IDN",153,"Papua New Guinea","PNG","PNG",10478,3280,"0","0","0","0","0","-","0"
1,"0bN7oM",1,81,2024,89,"Indonesia","INS","IDN",153,"Papua New Guinea","PNG","PNG",7700,3230,"0","0","0","0","0","-","0"
1,"0bN7oM",1,82,2025,89,"Indonesia","INS","IDN",153,"Papua New Guinea","PNG","PNG",7700,3100,"0","0","0","0","0","-","0"
1,"0bN7oM",1,83,2012,91,"Iran (Islamic Rep. of)","IRN","IRN",153,"Papua New Guinea","PNG","PNG","0",42,"0","0","0","0","0","-","0"
1,"0bN7oM",1,84,2013,91,"Iran (Islamic Rep. of)","IRN","IRN",153,"Papua New Guinea","PNG","PNG","0",93,"0","0","0","0","0","-","0"
1,"0bN7oM",1,85,2014,91,"Iran (Islamic Rep. of)","IRN","IRN",153,"Papua New Guinea","PNG","PNG",35,6,"0","0","0","0","0","-","0"
1,"0bN7oM",1,86,2015,91,"Iran (Islamic Rep. of)","IRN","IRN",153,"Papua New Guinea","PNG","PNG",35,327,"0","0","0","0","0","-","0"
1,"0bN7oM",1,87,2016,91,"Iran (Islamic Rep. of)","IRN","IRN",153,"Papua New Guinea","PNG","PNG",49,16,"0","0","0","0","0","-","0"
1,"0bN7oM",1,88,2017,91,"Iran (Islamic Rep. of)","IRN","IRN",153,"Papua New Guinea","PNG","PNG",156,"0","0","0","0","0","0","-","0"
1,"0bN7oM",1,89,2018,91,"Iran (Islamic Rep. of)","IRN","IRN",153,"Papua New Guinea","PNG","PNG",159,124,"0","0","0","0","0","-","0"
1,"0bN7oM",1,90,2019,91,"Iran (Islamic Rep. of)","IRN","IRN",153,"Papua New Guinea","PNG","PNG",100,112,"0","0","0","0","0","-","0"
1,"0bN7oM",1,91,2020,91,"Iran (Islamic Rep. of)","IRN","IRN",153,"Papua New Guinea","PNG","PNG",90,88,"0","0","0","0","0","-","0"
1,"0bN7oM",1,92,2021,91,"Iran (Islamic Rep. of)","IRN","IRN",153,"Papua New Guinea","PNG","PNG",74,77,"0","0","0","0","0","-","0"
1,"0bN7oM",1,93,2022,91,"Iran (Islamic Rep. of)","IRN","IRN",153,"Papua New Guinea","PNG","PNG",21,18,"0","0","0","0","0","-","0"
1,"0bN7oM",1,94,2023,91,"Iran (Islamic Rep. of)","IRN","IRN",153,"Papua New Guinea","PNG","PNG",11,8,9,"0","0","0","0","-","0"
1,"0bN7oM",1,95,2024,91,"Iran (Islamic Rep. of)","IRN","IRN",153,"Papua New Guinea","PNG","PNG",7,5,"0","0","0","0","0","-","0"
1,"0bN7oM",1,96,2025,91,"Iran (Islamic Rep. of)","IRN","IRN",153,"Papua New Guinea","PNG","PNG",7,5,"0","0","0","0","0","-","0"
1,"0bN7oM",1,97,2012,92,"Iraq","IRQ","IRQ",153,"Papua New Guinea","PNG","PNG","0",5,"0","0","0","0","0","-","0"
1,"0bN7oM",1,98,2013,92,"Iraq","IRQ","IRQ",153,"Papua New Guinea","PNG","PNG","0",37,"0","0","0","0","0","-","0"
1,"0bN7oM",1,99,2014,92,"Iraq","IRQ","IRQ",153,"Papua New Guinea","PNG","PNG",8,"0","0","0","0","0","0","-","0"
1,"0bN7oM",1,100,2015,92,"Iraq","IRQ","IRQ",153,"Papua New Guinea","PNG","PNG",8,51,"0","0","0","0","0","-","0"
1,"0bN7oM",1,101,2016,92,"Iraq","IRQ","IRQ",153,"Papua New Guinea","PNG","PNG",9,"0","0","0","0","0","0","-","0"
1,"0bN7oM",1,102,2017,92,"Iraq","IRQ","IRQ",153,"Papua New Guinea","PNG","PNG",47,"0","0","0","0","0","0","-","0"
1,"0bN7oM",1,103,2018,92,"Iraq","IRQ","IRQ",153,"Papua New Guinea","PNG","PNG",47,5,"0","0","0","0","0","-","0"
1,"0bN7oM",1,104,2019,92,"Iraq","IRQ","IRQ",153,"Papua New Guinea","PNG","PNG",35,5,"0","0","0","0","0","-","0"
1,"0bN7oM",1,105,2020,92,"Iraq","IRQ","IRQ",153,"Papua New Guinea","PNG","PNG",32,5,"0","0","0","0","0","-","0"
1,"0bN7oM",1,106,2021,92,"Iraq","IRQ","IRQ",153,"Papua New Guinea","PNG","PNG",32,5,"0","0","0","0","0","-","0"
1,"0bN7oM",1,107,2022,92,"Iraq","IRQ","IRQ",153,"Papua New Guinea","PNG","PNG",5,"0","0","0","0","0","0","-","0"
1,"0bN7oM",1,108,2014,109,"Lebanon","LEB","LBN",153,"Papua New Guinea","PNG","PNG","0",5,"0","0","0","0","0","-","0"
1,"0bN7oM",1,109,2015,109,"Lebanon","LEB","LBN",153,"Papua New Guinea","PNG","PNG","0",17,"0","0","0","0","0","-","0"
1,"0bN7oM",1,110,2009,112,"Sri Lanka","LKA","LKA",153,"Papua New Guinea","PNG","PNG",5,5,"0","0","0","0","0","-","0"
1,"0bN7oM",1,111,2010,112,"Sri Lanka","LKA","LKA",153,"Papua New Guinea","PNG","PNG",5,"0","0","0","0","0","0","-","0"
1,"0bN7oM",1,112,2011,112,"Sri Lanka","LKA","LKA",153,"Papua New Guinea","PNG","PNG",5,"0","0","0","0","0","0","-","0"
1,"0bN7oM",1,113,2012,112,"Sri Lanka","LKA","LKA",153,"Papua New Guinea","PNG","PNG",5,80,"0","0","0","0","0","-","0"
1,"0bN7oM",1,114,2013,112,"Sri Lanka","LKA","LKA",153,"Papua New Guinea","PNG","PNG","0",126,"0","0","0","0","0","-","0"
1,"0bN7oM",1,115,2014,112,"Sri Lanka","LKA","LKA",153,"Papua New Guinea","PNG","PNG","0",24,"0","0","0","0","0","-","0"
1,"0bN7oM",1,116,2015,112,"Sri Lanka","LKA","LKA",153,"Papua New Guinea","PNG","PNG","0",5,"0","0","0","0","0","-","0"
1,"0bN7oM",1,117,2017,112,"Sri Lanka","LKA","LKA",153,"Papua New Guinea","PNG","PNG",21,"0","0","0","0","0","0","-","0"
1,"0bN7oM",1,118,2018,112,"Sri Lanka","LKA","LKA",153,"Papua New Guinea","PNG","PNG",21,"0","0","0","0","0","0","-","0"
1,"0bN7oM",1,119,2019,112,"Sri Lanka","LKA","LKA",153,"Papua New Guinea","PNG","PNG",10,"0","0","0","0","0","0","-","0"
1,"0bN7oM",1,120,2020,112,"Sri Lanka","LKA","LKA",153,"Papua New Guinea","PNG","PNG",10,"0","0","0","0","0","0","-","0"
1,"0bN7oM",1,121,2021,112,"Sri Lanka","LKA","LKA",153,"Papua New Guinea","PNG","PNG",6,"0","0","0","0","0","0","-","0"
1,"0bN7oM",1,122,2022,112,"Sri Lanka","LKA","LKA",153,"Papua New Guinea","PNG","PNG","0",5,"0","0","0","0","0","-","0"
1,"0bN7oM",1,123,2007,135,"Myanmar","MYA","MMR",153,"Papua New Guinea","PNG","PNG","0",5,"0","0","0","0","0","-","0"
1,"0bN7oM",1,124,2008,135,"Myanmar","MYA","MMR",153,"Papua New Guinea","PNG","PNG",5,"0","0","0","0","0","0","-","0"
1,"0bN7oM",1,125,2009,135,"Myanmar","MYA","MMR",153,"Papua New Guinea","PNG","PNG",5,"0","0","0","0","0","0","-","0"
1,"0bN7oM",1,126,2014,135,"Myanmar","MYA","MMR",153,"Papua New Guinea","PNG","PNG","0",49,"0","0","0","0","0","-","0"
1,"0bN7oM",1,127,2015,135,"Myanmar","MYA","MMR",153,"Papua New Guinea","PNG","PNG","0",5,"0","0","0","0","0","-","0"
1,"0bN7oM",1,128,2018,135,"Myanmar","MYA","MMR",153,"Papua New Guinea","PNG","PNG","0",5,"0","0","0","0","0","-","0"
1,"0bN7oM",1,129,2019,135,"Myanmar","MYA","MMR",153,"Papua New Guinea","PNG","PNG",5,"0","0","0","0","0","0","-","0"
1,"0bN7oM",1,130,2020,135,"Myanmar","MYA","MMR",153,"Papua New Guinea","PNG","PNG",5,"0","0","0","0","0","0","-","0"
1,"0bN7oM",1,131,2021,135,"Myanmar","MYA","MMR",153,"Papua New Guinea","PNG","PNG",5,"0","0","0","0","0","0","-","0"
1,"0bN7oM",1,132,2014,137,"Nepal","NEP","NPL",153,"Papua New Guinea","PNG","PNG","0",10,"0","0","0","0","0","-","0"
1,"0bN7oM",1,133,2007,141,"Nigeria","NIG","NGA",153,"Papua New Guinea","PNG","PNG","0",5,"0","0","0","0","0","-","0"
1,"0bN7oM",1,134,2008,141,"Nigeria","NIG","NGA",153,"Papua New Guinea","PNG","PNG","0",5,"0","0","0","0","0","-","0"
1,"0bN7oM",1,135,2012,147,"Pakistan","PAK","PAK",153,"Papua New Guinea","PNG","PNG","0",16,"0","0","0","0","0","-","0"
1,"0bN7oM",1,136,2013,147,"Pakistan","PAK","PAK",153,"Papua New Guinea","PNG","PNG","0",18,"0","0","0","0","0","-","0"
1,"0bN7oM",1,137,2014,147,"Pakistan","PAK","PAK",153,"Papua New Guinea","PNG","PNG",26,33,"0","0","0","0","0","-","0"
1,"0bN7oM",1,138,2015,147,"Pakistan","PAK","PAK",153,"Papua New Guinea","PNG","PNG",26,5,"0","0","0","0","0","-","0"
1,"0bN7oM",1,139,2016,147,"Pakistan","PAK","PAK",153,"Papua New Guinea","PNG","PNG",32,"0","0","0","0","0","0","-","0"
1,"0bN7oM",1,140,2017,147,"Pakistan","PAK","PAK",153,"Papua New Guinea","PNG","PNG",96,"0","0","0","0","0","0","-","0"
1,"0bN7oM",1,141,2018,147,"Pakistan","PAK","PAK",153,"Papua New Guinea","PNG","PNG",96,"0","0","0","0","0","0","-","0"
1,"0bN7oM",1,142,2019,147,"Pakistan","PAK","PAK",153,"Papua New Guinea","PNG","PNG",40,5,"0","0","0","0","0","-","0"
1,"0bN7oM",1,143,2020,147,"Pakistan","PAK","PAK",153,"Papua New Guinea","PNG","PNG",32,5,"0","0","0","0","0","-","0"
1,"0bN7oM",1,144,2021,147,"Pakistan","PAK","PAK",153,"Papua New Guinea","PNG","PNG",27,5,"0","0","0","0","0","-","0"
1,"0bN7oM",1,145,2022,147,"Pakistan","PAK","PAK",153,"Papua New Guinea","PNG","PNG",15,"0","0","0","0","0","0","-","0"
1,"0bN7oM",1,146,2023,147,"Pakistan","PAK","PAK",153,"Papua New Guinea","PNG","PNG",11,5,5,"0","0","0","0","-","0"
1,"0bN7oM",1,147,2024,147,"Pakistan","PAK","PAK",153,"Papua New Guinea","PNG","PNG",9,5,"0","0","0","0","0","-","0"
1,"0bN7oM",1,148,2025,147,"Pakistan","PAK","PAK",153,"Papua New Guinea","PNG","PNG",8,5,"0","0","0","0","0","-","0"
1,"0bN7oM",1,149,2020,153,"Papua New Guinea","PNG","PNG",153,"Papua New Guinea","PNG","PNG","0","0","0",14000,"0","0","0","-","0"
1,"0bN7oM",1,150,2021,153,"Papua New Guinea","PNG","PNG",153,"Papua New Guinea","PNG","PNG","0","0","0",24000,"0","0","0","-","0"
1,"0bN7oM",1,151,2022,153,"Papua New Guinea","PNG","PNG",153,"Papua New Guinea","PNG","PNG","0","0","0",90634,"0","0","0","-","0"
1,"0bN7oM",1,152,2023,153,"Papua New Guinea","PNG","PNG",153,"Papua New Guinea","PNG","PNG","0","0","0",95000,"0","0",1736,"-",134
1,"0bN7oM",1,153,2024,153,"Papua New Guinea","PNG","PNG",153,"Papua New Guinea","PNG","PNG","0","0","0",84051,"0","0",2177,"-",134
1,"0bN7oM",1,154,2025,153,"Papua New Guinea","PNG","PNG",153,"Papua New Guinea","PNG","PNG","0","0","0",84000,"0","0",2177,"-","0"
1,"0bN7oM",1,155,2004,160,"Russian Federation","RUS","RUS",153,"Papua New Guinea","PNG","PNG","0",8,"0","0","0","0","0","-","0"
1,"0bN7oM",1,156,2005,160,"Russian Federation","RUS","RUS",153,"Papua New Guinea","PNG","PNG",5,"0","0","0","0","0","0","-","0"
1,"0bN7oM",1,157,2006,160,"Russian Federation","RUS","RUS",153,"Papua New Guinea","PNG","PNG",5,"0","0","0","0","0","0","-","0"
1,"0bN7oM",1,158,2007,160,"Russian Federation","RUS","RUS",153,"Papua New Guinea","PNG","PNG","0","0",5,"0","0","0","0","-","0"
1,"0bN7oM",1,159,2012,172,"Somalia","SOM","SOM",153,"Papua New Guinea","PNG","PNG",5,"0","0","0","0","0","0","-","0"
1,"0bN7oM",1,160,2013,172,"Somalia","SOM","SOM",153,"Papua New Guinea","PNG","PNG",5,"0","0","0","0","0","0","-","0"
1,"0bN7oM",1,161,2014,172,"Somalia","SOM","SOM",153,"Papua New Guinea","PNG","PNG",6,44,"0","0","0","0","0","-","0"
1,"0bN7oM",1,162,2015,172,"Somalia","SOM","SOM",153,"Papua New Guinea","PNG","PNG",6,5,"0","0","0","0","0","-","0"
1,"0bN7oM",1,163,2016,172,"Somalia","SOM","SOM",153,"Papua New Guinea","PNG","PNG",9,"0","0","0","0","0","0","-","0"
1,"0bN7oM",1,164,2017,172,"Somalia","SOM","SOM",153,"Papua New Guinea","PNG","PNG",39,"0","0","0","0","0","0","-","0"
1,"0bN7oM",1,165,2018,172,"Somalia","SOM","SOM",153,"Papua New Guinea","PNG","PNG",39,"0","0","0","0","0","0","-","0"
1,"0bN7oM",1,166,2019,172,"Somalia","SOM","SOM",153,"Papua New Guinea","PNG","PNG",19,"0","0","0","0","0","0","-","0"
1,"0bN7oM",1,167,2020,172,"Somalia","SOM","SOM",153,"Papua New Guinea","PNG","PNG",14,"0","0","0","0","0","0","-","0"
1,"0bN7oM",1,168,2021,172,"Somalia","SOM","SOM",153,"Papua New Guinea","PNG","PNG",11,"0","0","0","0","0","0","-","0"
1,"0bN7oM",1,169,2022,172,"Somalia","SOM","SOM",153,"Papua New Guinea","PNG","PNG",5,"0","0","0","0","0","0","-","0"
1,"0bN7oM",1,170,2023,172,"Somalia","SOM","SOM",153,"Papua New Guinea","PNG","PNG","0",5,"0","0","0","0","0","-","0"
1,"0bN7oM",1,171,2024,172,"Somalia","SOM","SOM",153,"Papua New Guinea","PNG","PNG","0",5,"0","0","0","0","0","-","0"
1,"0bN7oM",1,172,2025,172,"Somalia","SOM","SOM",153,"Papua New Guinea","PNG","PNG","0",5,"0","0","0","0","0","-","0"
1,"0bN7oM",1,173,2003,174,"Viet Nam","SRV","VNM",153,"Papua New Guinea","PNG","PNG","0",5,"0","0","0","0","0","-","0"
1,"0bN7oM",1,174,2004,174,"Viet Nam","SRV","VNM",153,"Papua New Guinea","PNG","PNG","0",5,"0","0","0","0","0","-","0"
1,"0bN7oM",1,175,2005,174,"Viet Nam","SRV","VNM",153,"Papua New Guinea","PNG","PNG","0",5,"0","0","0","0","0","-","0"
1,"0bN7oM",1,176,2009,174,"Viet Nam","SRV","VNM",153,"Papua New Guinea","PNG","PNG",5,"0","0","0","0","0","0","-","0"
1,"0bN7oM",1,177,2010,174,"Viet Nam","SRV","VNM",153,"Papua New Guinea","PNG","PNG",5,"0","0","0","0","0","0","-","0"
1,"0bN7oM",1,178,2011,174,"Viet Nam","SRV","VNM",153,"Papua New Guinea","PNG","PNG",5,"0","0","0","0","0","0","-","0"
1,"0bN7oM",1,179,2013,174,"Viet Nam","SRV","VNM",153,"Papua New Guinea","PNG","PNG","0",79,"0","0","0","0","0","-","0"
1,"0bN7oM",1,180,2015,174,"Viet Nam","SRV","VNM",153,"Papua New Guinea","PNG","PNG","0",5,"0","0","0","0","0","-","0"
1,"0bN7oM",1,181,2014,177,"Sudan","SUD","SDN",153,"Papua New Guinea","PNG","PNG",18,68,"0","0","0","0","0","-","0"
1,"0bN7oM",1,182,2015,177,"Sudan","SUD","SDN",153,"Papua New Guinea","PNG","PNG",18,5,"0","0","0","0","0","-","0"
1,"0bN7oM",1,183,2016,177,"Sudan","SUD","SDN",153,"Papua New Guinea","PNG","PNG",18,"0","0","0","0","0","0","-","0"
1,"0bN7oM",1,184,2017,177,"Sudan","SUD","SDN",153,"Papua New Guinea","PNG","PNG",75,"0","0","0","0","0","0","-","0"
1,"0bN7oM",1,185,2018,177,"Sudan","SUD","SDN",153,"Papua New Guinea","PNG","PNG",75,"0","0","0","0","0","0","-","0"
1,"0bN7oM",1,186,2019,177,"Sudan","SUD","SDN",153,"Papua New Guinea","PNG","PNG",55,"0","0","0","0","0","0","-","0"
1,"0bN7oM",1,187,2020,177,"Sudan","SUD","SDN",153,"Papua New Guinea","PNG","PNG",42,"0","0","0","0","0","0","-","0"
1,"0bN7oM",1,188,2021,177,"Sudan","SUD","SDN",153,"Papua New Guinea","PNG","PNG",33,"0","0","0","0","0","0","-","0"
1,"0bN7oM",1,189,2022,177,"Sudan","SUD","SDN",153,"Papua New Guinea","PNG","PNG",10,"0","0","0","0","0","0","-","0"
1,"0bN7oM",1,190,2023,177,"Sudan","SUD","SDN",153,"Papua New Guinea","PNG","PNG",9,"0","0","0","0","0","0","-","0"
1,"0bN7oM",1,191,2024,177,"Sudan","SUD","SDN",153,"Papua New Guinea","PNG","PNG",5,"0","0","0","0","0","0","-","0"
1,"0bN7oM",1,192,2025,177,"Sudan","SUD","SDN",153,"Papua New Guinea","PNG","PNG",5,"0","0","0","0","0","0","-","0"
1,"0bN7oM",1,193,2004,216,"Stateless","STA","XXA",153,"Papua New Guinea","PNG","PNG","0","0","0","0","0",135,"0","-","0"
1,"0bN7oM",1,194,2014,216,"Stateless","STA","XXA",153,"Papua New Guinea","PNG","PNG",15,29,"0","0","0","0","0","-","0"
1,"0bN7oM",1,195,2015,216,"Stateless","STA","XXA",153,"Papua New Guinea","PNG","PNG",15,6,"0","0","0","0","0","-","0"
1,"0bN7oM",1,196,2016,216,"Stateless","STA","XXA",153,"Papua New Guinea","PNG","PNG",16,"0","0","0","0","0","0","-","0"
1,"0bN7oM",1,197,2017,216,"Stateless","STA","XXA",153,"Papua New Guinea","PNG","PNG",79,"0","0","0","0","0","0","-","0"
1,"0bN7oM",1,198,2018,216,"Stateless","STA","XXA",153,"Papua New Guinea","PNG","PNG",79,"0","0","0","0","0","0","-","0"
1,"0bN7oM",1,199,2019,216,"Stateless","STA","XXA",153,"Papua New Guinea","PNG","PNG",9,"0","0","0","0",9,"0","-","0"
1,"0bN7oM",1,200,2020,216,"Stateless","STA","XXA",153,"Papua New Guinea","PNG","PNG",5,"0","0","0","0",10,"0","-","0"
1,"0bN7oM",1,201,2021,216,"Stateless","STA","XXA",153,"Papua New Guinea","PNG","PNG",5,"0","0","0","0",10,"0","-","0"
1,"0bN7oM",1,202,1989,262,"Unknown ","UKN","UNK",153,"Papua New Guinea","PNG","PNG",17,"0","0","0","0","0","0","-","0"
1,"0bN7oM",1,203,1990,262,"Unknown ","UKN","UNK",153,"Papua New Guinea","PNG","PNG",19,"0","0","0","0","0","0","-","0"
1,"0bN7oM",1,204,1991,262,"Unknown ","UKN","UNK",153,"Papua New Guinea","PNG","PNG",9,"0","0","0","0","0","0","-","0"
1,"0bN7oM",1,205,1992,262,"Unknown ","UKN","UNK",153,"Papua New Guinea","PNG","PNG",7,"0","0","0","0","0","0","-","0"
1,"0bN7oM",1,206,2000,262,"Unknown ","UKN","UNK",153,"Papua New Guinea","PNG","PNG","0","0","0","0","0","0",400,"-","0"
1,"0bN7oM",1,207,2001,262,"Unknown ","UKN","UNK",153,"Papua New Guinea","PNG","PNG","0","0","0","0","0","0",313,"-","0"
1,"0bN7oM",1,208,2002,262,"Unknown ","UKN","UNK",153,"Papua New Guinea","PNG","PNG","0",12,"0","0","0","0","0","-","0"
1,"0bN7oM",1,209,2003,262,"Unknown ","UKN","UNK",153,"Papua New Guinea","PNG","PNG","0","0","0","0","0","0",430,"-","0"
